Nota,Resumen,Relevancia,Veracidad,Coherencia y cohesiÃ³n,Modelo,Anot
1,1,2.0,2.0,2.0,mt5_generated,a1
1,2,0.0,2.0,2.0,b2b_generated,a1
1,3,0.0,1.0,2.0,gold,a1
1,4,0.0,1.0,1.0,pegasus,a1
2,1,2.0,2.0,2.0,mt5_generated,a1
2,2,0.0,1.0,2.0,b2b_generated,a1
2,3,1.0,2.0,2.0,gold,a1
2,4,2.0,2.0,2.0,pegasus,a1
3,1,0.0,2.0,2.0,mt5_generated,a1
3,2,0.0,1.0,2.0,b2b_generated,a1
3,3,1.0,1.0,2.0,gold,a1
3,4,1.0,2.0,1.0,pegasus,a1
4,1,0.0,1.0,2.0,mt5_generated,a1
4,2,0.0,1.0,1.0,b2b_generated,a1
4,3,2.0,2.0,2.0,gold,a1
4,4,2.0,2.0,2.0,pegasus,a1
5,1,0.0,2.0,2.0,mt5_generated,a1
5,2,1.0,2.0,2.0,b2b_generated,a1
5,3,2.0,2.0,2.0,gold,a1
5,4,2.0,2.0,1.0,pegasus,a1
6,1,1.0,2.0,2.0,mt5_generated,a1
6,2,0.0,0.0,2.0,b2b_generated,a1
6,3,0.0,2.0,2.0,gold,a1
6,4,1.0,2.0,2.0,pegasus,a1
7,1,1.0,2.0,2.0,mt5_generated,a1
7,2,0.0,2.0,2.0,b2b_generated,a1
7,3,0.0,2.0,2.0,gold,a1
7,4,1.0,2.0,1.0,pegasus,a1
8,1,1.0,2.0,2.0,mt5_generated,a1
8,2,0.0,2.0,2.0,b2b_generated,a1
8,3,0.0,2.0,2.0,gold,a1
8,4,1.0,2.0,1.0,pegasus,a1
9,1,1.0,2.0,2.0,mt5_generated,a1
9,2,0.0,1.0,0.0,b2b_generated,a1
9,3,0.0,0.0,1.0,gold,a1
9,4,2.0,2.0,1.0,pegasus,a1
10,1,0.0,2.0,2.0,mt5_generated,a1
10,2,1.0,2.0,1.0,b2b_generated,a1
10,3,0.0,1.0,2.0,gold,a1
10,4,2.0,2.0,2.0,pegasus,a1
11,1,2.0,2.0,2.0,mt5_generated,a1
11,2,1.0,2.0,2.0,b2b_generated,a1
11,3,1.0,1.0,1.0,gold,a1
11,4,1.0,1.0,1.0,pegasus,a1
12,1,2.0,2.0,2.0,mt5_generated,a1
12,2,1.0,1.0,1.0,b2b_generated,a1
12,3,1.0,2.0,2.0,gold,a1
12,4,2.0,2.0,1.0,pegasus,a1
13,1,0.0,1.0,0.0,mt5_generated,a1
13,2,0.0,1.0,0.0,b2b_generated,a1
13,3,0.0,1.0,2.0,gold,a1
13,4,1.0,2.0,1.0,pegasus,a1
14,1,1.0,2.0,2.0,mt5_generated,a1
14,2,1.0,1.0,1.0,b2b_generated,a1
14,3,1.0,1.0,2.0,gold,a1
14,4,2.0,2.0,2.0,pegasus,a1
15,1,1.0,2.0,2.0,mt5_generated,a1
15,2,1.0,1.0,2.0,b2b_generated,a1
15,3,2.0,2.0,2.0,gold,a1
16,1,1.0,2.0,2.0,mt5_generated,a1
16,2,1.0,2.0,2.0,b2b_generated,a1
16,3,1.0,2.0,2.0,gold,a1
16,4,2.0,2.0,1.0,pegasus,a1
17,1,0.0,2.0,2.0,mt5_generated,a1
17,2,1.0,2.0,2.0,b2b_generated,a1
17,3,0.0,1.0,2.0,gold,a1
17,4,2.0,1.0,1.0,pegasus,a1
18,1,0.0,1.0,1.0,mt5_generated,a1
18,2,0.0,0.0,2.0,b2b_generated,a1
18,3,0.0,2.0,2.0,gold,a1
18,4,2.0,2.0,1.0,pegasus,a1
19,1,0.0,2.0,2.0,mt5_generated,a1
19,2,0.0,1.0,1.0,b2b_generated,a1
19,3,1.0,2.0,2.0,gold,a1
19,4,2.0,2.0,1.0,pegasus,a1
20,1,1.0,2.0,2.0,mt5_generated,a1
20,2,1.0,2.0,2.0,b2b_generated,a1
20,3,2.0,2.0,2.0,gold,a1
20,4,1.0,2.0,1.0,pegasus,a1
21,1,0.0,1.0,2.0,mt5_generated,a1
21,2,1.0,1.0,0.0,b2b_generated,a1
21,3,2.0,2.0,2.0,gold,a1
21,4,1.0,1.0,1.0,pegasus,a1
22,1,1.0,1.0,1.0,mt5_generated,a1
22,2,0.0,2.0,2.0,b2b_generated,a1
22,3,1.0,2.0,2.0,gold,a1
22,4,2.0,1.0,1.0,pegasus,a1
23,1,1.0,1.0,1.0,mt5_generated,a1
23,2,1.0,1.0,1.0,b2b_generated,a1
23,3,0.0,0.0,1.0,gold,a1
23,4,2.0,2.0,2.0,pegasus,a1
24,1,1.0,2.0,2.0,mt5_generated,a1
24,2,1.0,2.0,2.0,b2b_generated,a1
24,3,1.0,2.0,2.0,gold,a1
24,4,2.0,1.0,2.0,pegasus,a1
25,3,1.0,2.0,1.0,gold,a1
25,2,0.0,1.0,1.0,b2b_generated,a1
25,4,0.0,1.0,1.0,pegasus,a1
25,1,2.0,2.0,2.0,mt5_generated,a1
26,2,0.0,0.0,1.0,b2b_generated,a1
26,1,1.0,2.0,2.0,mt5_generated,a1
26,3,2.0,2.0,2.0,gold,a1
26,4,1.0,2.0,2.0,pegasus,a1
27,3,1.0,1.0,1.0,gold,a1
27,1,2.0,2.0,2.0,mt5_generated,a1
27,2,0.0,2.0,1.0,b2b_generated,a1
27,4,2.0,2.0,2.0,pegasus,a1
28,1,1.0,2.0,2.0,mt5_generated,a1
28,2,1.0,2.0,2.0,b2b_generated,a1
28,3,0.0,2.0,1.0,gold,a1
29,4,2.0,2.0,1.0,pegasus,a1
29,3,1.0,2.0,2.0,gold,a1
29,2,0.0,1.0,1.0,b2b_generated,a1
29,1,1.0,2.0,2.0,mt5_generated,a1
30,4,1.0,2.0,2.0,pegasus,a1
30,2,0.0,1.0,1.0,b2b_generated,a1
30,1,2.0,2.0,2.0,mt5_generated,a1
30,3,0.0,1.0,1.0,gold,a1
31,3,2.0,2.0,2.0,gold,a1
31,4,0.0,1.0,1.0,pegasus,a1
31,2,1.0,2.0,2.0,b2b_generated,a1
31,1,1.0,2.0,2.0,mt5_generated,a1
32,1,0.0,1.0,0.0,mt5_generated,a1
32,2,1.0,1.0,2.0,b2b_generated,a1
32,3,1.0,1.0,2.0,gold,a1
33,2,1.0,2.0,2.0,b2b_generated,a1
33,4,1.0,2.0,2.0,pegasus,a1
33,1,2.0,2.0,2.0,mt5_generated,a1
33,3,0.0,1.0,1.0,gold,a1
34,2,2.0,2.0,2.0,b2b_generated,a1
34,4,2.0,2.0,2.0,pegasus,a1
34,3,0.0,1.0,1.0,gold,a1
34,1,1.0,1.0,2.0,mt5_generated,a1
35,2,0.0,1.0,1.0,b2b_generated,a1
35,4,0.0,1.0,1.0,pegasus,a1
35,1,2.0,2.0,2.0,mt5_generated,a1
35,3,0.0,1.0,1.0,gold,a1
36,4,1.0,2.0,2.0,pegasus,a1
36,1,1.0,1.0,1.0,mt5_generated,a1
36,3,2.0,2.0,2.0,gold,a1
36,2,0.0,0.0,0.0,b2b_generated,a1
37,1,1.0,2.0,2.0,mt5_generated,a1
37,3,1.0,2.0,2.0,gold,a1
37,2,0.0,0.0,0.0,b2b_generated,a1
37,4,2.0,2.0,2.0,pegasus,a1
38,2,0.0,1.0,1.0,b2b_generated,a1
38,1,0.0,1.0,1.0,mt5_generated,a1
38,3,0.0,1.0,1.0,gold,a1
38,4,2.0,2.0,2.0,pegasus,a1
39,1,0.0,1.0,0.0,mt5_generated,a1
39,4,2.0,2.0,2.0,pegasus,a1
39,3,0.0,1.0,1.0,gold,a1
39,2,1.0,1.0,1.0,b2b_generated,a1
40,3,0.0,1.0,1.0,gold,a1
40,2,0.0,1.0,1.0,b2b_generated,a1
40,1,1.0,1.0,1.0,mt5_generated,a1
40,4,2.0,2.0,2.0,pegasus,a1
41,4,0.0,0.0,0.0,pegasus,a1
41,1,2.0,2.0,2.0,mt5_generated,a1
41,3,0.0,0.0,0.0,gold,a1
41,2,1.0,1.0,2.0,b2b_generated,a1
42,4,1.0,1.0,2.0,pegasus,a1
42,1,1.0,1.0,2.0,mt5_generated,a1
42,2,2.0,2.0,2.0,b2b_generated,a1
42,3,0.0,1.0,0.0,gold,a1
43,2,1.0,2.0,2.0,b2b_generated,a1
43,1,0.0,1.0,1.0,mt5_generated,a1
43,4,1.0,1.0,1.0,pegasus,a1
43,3,2.0,2.0,2.0,gold,a1
44,4,1.0,2.0,2.0,pegasus,a1
44,3,2.0,2.0,2.0,gold,a1
44,1,0.0,1.0,1.0,mt5_generated,a1
44,2,1.0,2.0,2.0,b2b_generated,a1
45,4,0.0,1.0,1.0,pegasus,a1
45,2,0.0,1.0,1.0,b2b_generated,a1
45,1,2.0,2.0,2.0,mt5_generated,a1
45,3,0.0,1.0,1.0,gold,a1
46,2,0.0,1.0,1.0,b2b_generated,a1
46,3,1.0,2.0,2.0,gold,a1
46,1,1.0,1.0,1.0,mt5_generated,a1
46,4,1.0,1.0,1.0,pegasus,a1
47,2,2.0,2.0,2.0,b2b_generated,a1
47,3,0.0,1.0,1.0,gold,a1
47,4,1.0,1.0,1.0,pegasus,a1
47,1,2.0,2.0,2.0,mt5_generated,a1
48,4,2.0,2.0,2.0,pegasus,a1
48,3,1.0,2.0,2.0,gold,a1
48,2,1.0,2.0,2.0,b2b_generated,a1
48,1,1.0,2.0,2.0,mt5_generated,a1
49,1,1.0,2.0,2.0,mt5_generated,a1
49,3,2.0,2.0,2.0,gold,a1
49,4,0.0,1.0,1.0,pegasus,a1
49,2,1.0,1.0,1.0,b2b_generated,a1
50,2,0.0,1.0,1.0,b2b_generated,a1
50,4,1.0,2.0,2.0,pegasus,a1
50,1,2.0,2.0,2.0,mt5_generated,a1
51,3,0.0,1.0,1.0,gold,a1
51,1,2.0,2.0,2.0,mt5_generated,a1
51,2,1.0,1.0,1.0,b2b_generated,a1
51,4,2.0,2.0,2.0,pegasus,a1
52,1,0.0,0.0,1.0,mt5_generated,a1
52,2,0.0,0.0,0.0,b2b_generated,a1
52,4,2.0,2.0,2.0,pegasus,a1
52,3,0.0,1.0,1.0,gold,a1
53,1,1.0,2.0,2.0,mt5_generated,a1
53,3,2.0,2.0,2.0,gold,a1
53,2,0.0,0.0,1.0,b2b_generated,a1
53,4,2.0,2.0,2.0,pegasus,a1
54,3,1.0,1.0,1.0,gold,a1
54,4,2.0,2.0,2.0,pegasus,a1
54,2,1.0,1.0,1.0,b2b_generated,a1
54,1,0.0,1.0,1.0,mt5_generated,a1
55,4,0.0,1.0,1.0,pegasus,a1
55,1,2.0,2.0,2.0,mt5_generated,a1
55,3,1.0,1.0,1.0,gold,a1
55,2,1.0,1.0,2.0,b2b_generated,a1
56,1,1.0,1.0,2.0,mt5_generated,a1
56,2,1.0,1.0,2.0,b2b_generated,a1
56,3,1.0,1.0,2.0,gold,a1
56,4,2.0,2.0,2.0,pegasus,a1
57,2,2.0,2.0,2.0,b2b_generated,a1
57,4,1.0,2.0,2.0,pegasus,a1
57,1,1.0,1.0,1.0,mt5_generated,a1
57,3,0.0,1.0,1.0,gold,a1
58,1,2.0,2.0,2.0,mt5_generated,a1
58,3,1.0,1.0,1.0,gold,a1
58,4,0.0,1.0,1.0,pegasus,a1
58,2,0.0,1.0,1.0,b2b_generated,a1
59,4,2.0,2.0,2.0,pegasus,a1
59,3,0.0,0.0,0.0,gold,a1
59,2,1.0,1.0,1.0,b2b_generated,a1
59,1,2.0,2.0,2.0,mt5_generated,a1
60,3,2.0,2.0,2.0,gold,a1
60,2,2.0,2.0,2.0,b2b_generated,a1
60,1,2.0,2.0,2.0,mt5_generated,a1
60,4,2.0,2.0,2.0,pegasus,a1
61,2,1.0,1.0,2.0,b2b_generated,a1
61,4,1.0,1.0,1.0,pegasus,a1
61,1,1.0,1.0,1.0,mt5_generated,a1
61,3,2.0,2.0,2.0,gold,a1
62,2,2.0,2.0,2.0,b2b_generated,a1
62,3,1.0,1.0,2.0,gold,a1
62,1,0.0,1.0,1.0,mt5_generated,a1
62,4,1.0,2.0,2.0,pegasus,a1
63,3,2.0,2.0,2.0,gold,a1
63,2,0.0,0.0,1.0,b2b_generated,a1
63,4,1.0,1.0,1.0,pegasus,a1
63,1,1.0,1.0,2.0,mt5_generated,a1
64,4,1.0,2.0,2.0,pegasus,a1
64,1,1.0,1.0,2.0,mt5_generated,a1
64,2,2.0,2.0,2.0,b2b_generated,a1
64,3,0.0,1.0,1.0,gold,a1
65,2,2.0,2.0,2.0,b2b_generated,a1
65,4,1.0,1.0,1.0,pegasus,a1
65,1,2.0,2.0,2.0,mt5_generated,a1
65,3,0.0,0.0,0.0,gold,a1
66,3,2.0,2.0,2.0,gold,a1
66,1,2.0,2.0,2.0,mt5_generated,a1
66,4,1.0,2.0,2.0,pegasus,a1
66,2,1.0,2.0,2.0,b2b_generated,a1
67,1,1.0,1.0,1.0,mt5_generated,a1
67,3,0.0,1.0,0.0,gold,a1
67,2,1.0,1.0,1.0,b2b_generated,a1
67,4,1.0,2.0,1.0,pegasus,a1
68,1,0.0,0.0,0.0,mt5_generated,a1
68,4,1.0,2.0,2.0,pegasus,a1
68,2,2.0,2.0,2.0,b2b_generated,a1
68,3,1.0,2.0,2.0,gold,a1
69,2,2.0,2.0,2.0,b2b_generated,a1
69,4,0.0,0.0,0.0,pegasus,a1
69,3,0.0,1.0,1.0,gold,a1
69,1,1.0,2.0,2.0,mt5_generated,a1
70,2,2.0,2.0,2.0,b2b_generated,a1
70,4,1.0,2.0,2.0,pegasus,a1
70,3,1.0,2.0,2.0,gold,a1
70,1,1.0,1.0,1.0,mt5_generated,a1
71,3,2.0,2.0,2.0,gold,a1
71,2,1.0,2.0,2.0,b2b_generated,a1
71,4,1.0,1.0,1.0,pegasus,a1
71,1,2.0,2.0,2.0,mt5_generated,a1
72,1,2.0,2.0,2.0,mt5_generated,a1
72,2,1.0,2.0,2.0,b2b_generated,a1
72,3,1.0,1.0,1.0,gold,a1
72,4,2.0,2.0,2.0,pegasus,a1
73,1,1.0,2.0,2.0,mt5_generated,a1
73,4,2.0,2.0,1.0,pegasus,a1
73,3,0.0,1.0,1.0,gold,a1
73,2,2.0,2.0,2.0,b2b_generated,a1
74,4,0.0,1.0,1.0,pegasus,a1
74,1,0.0,1.0,1.0,mt5_generated,a1
74,2,2.0,2.0,2.0,b2b_generated,a1
74,3,1.0,2.0,1.0,gold,a1
75,2,2.0,2.0,2.0,b2b_generated,a1
75,3,1.0,2.0,2.0,gold,a1
75,4,1.0,2.0,2.0,pegasus,a1
76,1,0.0,1.0,1.0,mt5_generated,a1
76,2,0.0,1.0,1.0,b2b_generated,a1
76,4,2.0,2.0,2.0,pegasus,a1
76,3,0.0,1.0,1.0,gold,a1
77,3,2.0,2.0,2.0,gold,a1
77,2,0.0,1.0,0.0,b2b_generated,a1
77,4,1.0,1.0,1.0,pegasus,a1
77,1,1.0,1.0,1.0,mt5_generated,a1
78,2,0.0,1.0,1.0,b2b_generated,a1
78,1,0.0,1.0,1.0,mt5_generated,a1
78,4,2.0,2.0,2.0,pegasus,a1
78,3,0.0,1.0,0.0,gold,a1
79,4,1.0,1.0,1.0,pegasus,a1
79,3,2.0,2.0,2.0,gold,a1
79,1,1.0,1.0,1.0,mt5_generated,a1
79,2,1.0,1.0,1.0,b2b_generated,a1
80,4,1.0,1.0,1.0,pegasus,a1
80,2,2.0,2.0,2.0,b2b_generated,a1
80,1,2.0,2.0,2.0,mt5_generated,a1
80,3,1.0,1.0,1.0,gold,a1
81,1,1.0,1.0,1.0,mt5_generated,a1
81,4,2.0,2.0,2.0,pegasus,a1
81,3,1.0,2.0,2.0,gold,a1
81,2,1.0,2.0,1.0,b2b_generated,a1
82,2,2.0,2.0,2.0,b2b_generated,a1
82,3,1.0,2.0,2.0,gold,a1
82,1,0.0,0.0,0.0,mt5_generated,a1
82,4,2.0,2.0,2.0,pegasus,a1
83,3,2.0,2.0,2.0,gold,a1
83,1,2.0,2.0,1.0,mt5_generated,a1
83,4,1.0,2.0,2.0,pegasus,a1
83,2,1.0,2.0,1.0,b2b_generated,a1
84,2,0.0,1.0,0.0,b2b_generated,a1
84,1,1.0,2.0,2.0,mt5_generated,a1
84,3,1.0,2.0,2.0,gold,a1
84,4,2.0,2.0,2.0,pegasus,a1
85,4,1.0,1.0,0.0,pegasus,a1
85,1,2.0,2.0,2.0,mt5_generated,a1
85,2,2.0,2.0,2.0,b2b_generated,a1
85,3,1.0,1.0,1.0,gold,a1
86,2,1.0,1.0,1.0,b2b_generated,a1
86,1,2.0,2.0,2.0,mt5_generated,a1
86,4,2.0,2.0,2.0,pegasus,a1
86,3,2.0,2.0,2.0,gold,a1
87,1,1.0,2.0,2.0,mt5_generated,a1
87,2,0.0,1.0,0.0,b2b_generated,a1
87,3,1.0,2.0,2.0,gold,a1
87,4,2.0,2.0,2.0,pegasus,a1
88,1,2.0,2.0,2.0,mt5_generated,a1
88,3,2.0,2.0,2.0,gold,a1
88,4,1.0,1.0,1.0,pegasus,a1
88,2,1.0,2.0,2.0,b2b_generated,a1
89,1,0.0,1.0,0.0,mt5_generated,a1
89,4,2.0,2.0,2.0,pegasus,a1
89,3,2.0,2.0,2.0,gold,a1
89,2,1.0,2.0,2.0,b2b_generated,a1
90,1,1.0,1.0,1.0,mt5_generated,a1
90,2,1.0,2.0,1.0,b2b_generated,a1
90,3,1.0,2.0,2.0,gold,a1
90,4,2.0,2.0,2.0,pegasus,a1
91,1,2.0,2.0,2.0,mt5_generated,a1
91,4,1.0,1.0,1.0,pegasus,a1
91,3,1.0,1.0,1.0,gold,a1
91,2,1.0,1.0,0.0,b2b_generated,a1
92,2,1.0,1.0,1.0,b2b_generated,a1
92,4,2.0,2.0,2.0,pegasus,a1
92,3,2.0,2.0,2.0,gold,a1
92,1,0.0,1.0,0.0,mt5_generated,a1
93,4,0.0,1.0,1.0,pegasus,a1
93,3,2.0,2.0,2.0,gold,a1
93,1,1.0,1.0,1.0,mt5_generated,a1
93,2,1.0,2.0,2.0,b2b_generated,a1
94,4,2.0,2.0,2.0,pegasus,a1
94,2,1.0,1.0,1.0,b2b_generated,a1
94,3,1.0,2.0,2.0,gold,a1
94,1,2.0,2.0,2.0,mt5_generated,a1
95,4,2.0,2.0,2.0,pegasus,a1
95,3,1.0,1.0,1.0,gold,a1
95,2,1.0,1.0,1.0,b2b_generated,a1
95,1,1.0,1.0,1.0,mt5_generated,a1
96,1,2.0,2.0,2.0,mt5_generated,a1
96,4,1.0,2.0,2.0,pegasus,a1
96,2,2.0,2.0,2.0,b2b_generated,a1
96,3,1.0,1.0,1.0,gold,a1
97,2,2.0,2.0,2.0,b2b_generated,a1
97,3,1.0,2.0,2.0,gold,a1
97,1,0.0,1.0,1.0,mt5_generated,a1
97,4,2.0,2.0,2.0,pegasus,a1
98,2,2.0,2.0,2.0,b2b_generated,a1
98,4,1.0,2.0,2.0,pegasus,a1
98,3,2.0,2.0,2.0,gold,a1
98,1,0.0,0.0,1.0,mt5_generated,a1
99,3,0.0,0.0,0.0,gold,a1
99,1,2.0,2.0,2.0,mt5_generated,a1
99,4,1.0,2.0,2.0,pegasus,a1
99,2,1.0,1.0,1.0,b2b_generated,a1
1,1,0.0,0.0,2.0,mt5_generated,a2
1,2,1.0,1.0,0.0,b2b_generated,a2
1,3,1.0,1.0,1.0,gold,a2
1,4,2.0,2.0,2.0,pegasus,a2
2,1,0.0,1.0,0.0,mt5_generated,a2
2,2,2.0,1.0,0.0,b2b_generated,a2
2,3,1.0,1.0,1.0,gold,a2
2,4,2.0,2.0,1.0,pegasus,a2
3,1,2.0,2.0,2.0,mt5_generated,a2
3,2,2.0,1.0,1.0,b2b_generated,a2
3,3,2.0,2.0,2.0,gold,a2
3,4,0.0,1.0,2.0,pegasus,a2
4,1,2.0,1.0,2.0,mt5_generated,a2
4,2,0.0,1.0,0.0,b2b_generated,a2
4,3,1.0,2.0,1.0,gold,a2
4,4,2.0,1.0,1.0,pegasus,a2
5,1,2.0,2.0,1.0,mt5_generated,a2
5,2,1.0,2.0,1.0,b2b_generated,a2
5,3,2.0,2.0,2.0,gold,a2
5,4,1.0,1.0,2.0,pegasus,a2
6,1,0.0,0.0,2.0,mt5_generated,a2
6,2,0.0,0.0,2.0,b2b_generated,a2
6,3,1.0,1.0,1.0,gold,a2
6,4,1.0,1.0,2.0,pegasus,a2
7,1,1.0,2.0,2.0,mt5_generated,a2
7,2,1.0,2.0,2.0,b2b_generated,a2
7,3,1.0,2.0,2.0,gold,a2
7,4,2.0,2.0,1.0,pegasus,a2
8,1,2.0,2.0,1.0,mt5_generated,a2
8,2,0.0,0.0,0.0,b2b_generated,a2
8,3,1.0,1.0,2.0,gold,a2
8,4,2.0,2.0,1.0,pegasus,a2
9,1,1.0,2.0,2.0,mt5_generated,a2
9,2,0.0,1.0,0.0,b2b_generated,a2
9,3,1.0,1.0,1.0,gold,a2
9,4,1.0,1.0,1.0,pegasus,a2
10,1,2.0,2.0,1.0,mt5_generated,a2
10,2,1.0,1.0,1.0,b2b_generated,a2
10,3,2.0,2.0,2.0,gold,a2
10,4,2.0,2.0,2.0,pegasus,a2
11,1,2.0,2.0,1.0,mt5_generated,a2
11,2,1.0,2.0,2.0,b2b_generated,a2
11,3,2.0,2.0,1.0,gold,a2
11,4,2.0,1.0,1.0,pegasus,a2
12,1,1.0,2.0,2.0,mt5_generated,a2
12,2,1.0,1.0,2.0,b2b_generated,a2
12,3,2.0,2.0,1.0,gold,a2
12,4,2.0,2.0,1.0,pegasus,a2
13,1,0.0,0.0,0.0,mt5_generated,a2
13,2,2.0,2.0,1.0,b2b_generated,a2
13,3,1.0,0.0,1.0,gold,a2
13,4,2.0,2.0,1.0,pegasus,a2
14,1,0.0,2.0,2.0,mt5_generated,a2
14,2,1.0,1.0,2.0,b2b_generated,a2
14,3,1.0,2.0,2.0,gold,a2
14,4,2.0,2.0,2.0,pegasus,a2
15,1,1.0,2.0,2.0,mt5_generated,a2
15,2,1.0,2.0,2.0,b2b_generated,a2
15,3,1.0,1.0,2.0,gold,a2
15,4,2.0,2.0,1.0,pegasus,a2
16,1,1.0,1.0,2.0,mt5_generated,a2
16,2,1.0,1.0,1.0,b2b_generated,a2
16,3,1.0,1.0,2.0,gold,a2
16,4,2.0,2.0,2.0,pegasus,a2
17,1,1.0,2.0,2.0,mt5_generated,a2
17,2,1.0,2.0,2.0,b2b_generated,a2
17,3,0.0,2.0,2.0,gold,a2
17,4,2.0,2.0,2.0,pegasus,a2
18,1,1.0,1.0,2.0,mt5_generated,a2
18,2,1.0,1.0,1.0,b2b_generated,a2
18,3,1.0,1.0,1.0,gold,a2
18,4,2.0,2.0,1.0,pegasus,a2
19,1,1.0,1.0,2.0,mt5_generated,a2
19,2,2.0,2.0,1.0,b2b_generated,a2
19,3,1.0,1.0,2.0,gold,a2
19,4,2.0,2.0,1.0,pegasus,a2
20,1,2.0,2.0,2.0,mt5_generated,a2
20,2,1.0,1.0,1.0,b2b_generated,a2
20,3,0.0,2.0,2.0,gold,a2
20,4,1.0,2.0,1.0,pegasus,a2
21,1,1.0,1.0,2.0,mt5_generated,a2
21,2,0.0,1.0,1.0,b2b_generated,a2
21,3,2.0,2.0,2.0,gold,a2
21,4,2.0,2.0,1.0,pegasus,a2
22,1,2.0,2.0,2.0,mt5_generated,a2
22,2,1.0,1.0,1.0,b2b_generated,a2
22,3,1.0,2.0,1.0,gold,a2
22,4,1.0,2.0,1.0,pegasus,a2
23,2,2.0,2.0,2.0,b2b_generated,a2
23,3,2.0,2.0,1.0,gold,a2
23,4,2.0,2.0,1.0,pegasus,a2
23,1,0.0,0.0,1.0,mt5_generated,a2
24,1,2.0,2.0,2.0,mt5_generated,a2
24,4,1.0,2.0,1.0,pegasus,a2
24,2,1.0,2.0,1.0,b2b_generated,a2
24,3,1.0,0.0,1.0,gold,a2
25,3,2.0,2.0,2.0,gold,a2
25,2,0.0,1.0,0.0,b2b_generated,a2
25,4,1.0,1.0,1.0,pegasus,a2
25,1,1.0,1.0,2.0,mt5_generated,a2
26,2,1.0,0.0,1.0,b2b_generated,a2
26,1,1.0,2.0,2.0,mt5_generated,a2
26,3,2.0,2.0,1.0,gold,a2
26,4,1.0,1.0,0.0,pegasus,a2
27,3,1.0,0.0,2.0,gold,a2
27,1,2.0,2.0,2.0,mt5_generated,a2
27,2,1.0,2.0,1.0,b2b_generated,a2
27,4,2.0,2.0,1.0,pegasus,a2
28,1,2.0,2.0,2.0,mt5_generated,a2
28,2,1.0,1.0,2.0,b2b_generated,a2
28,3,1.0,2.0,0.0,gold,a2
28,4,1.0,1.0,0.0,pegasus,a2
29,4,1.0,1.0,1.0,pegasus,a2
29,3,1.0,1.0,1.0,gold,a2
29,2,1.0,1.0,1.0,b2b_generated,a2
29,1,2.0,2.0,1.0,mt5_generated,a2
30,4,2.0,2.0,2.0,pegasus,a2
30,2,1.0,1.0,2.0,b2b_generated,a2
30,1,1.0,2.0,1.0,mt5_generated,a2
30,3,1.0,1.0,2.0,gold,a2
31,3,2.0,2.0,1.0,gold,a2
31,4,0.0,0.0,1.0,pegasus,a2
31,2,0.0,1.0,1.0,b2b_generated,a2
31,1,1.0,1.0,2.0,mt5_generated,a2
32,1,0.0,0.0,0.0,mt5_generated,a2
32,2,1.0,1.0,2.0,b2b_generated,a2
32,3,2.0,2.0,2.0,gold,a2
32,4,2.0,2.0,1.0,pegasus,a2
33,2,2.0,2.0,2.0,b2b_generated,a2
33,4,2.0,2.0,1.0,pegasus,a2
33,1,2.0,2.0,1.0,mt5_generated,a2
33,3,1.0,2.0,1.0,gold,a2
34,2,2.0,2.0,1.0,b2b_generated,a2
34,4,1.0,1.0,2.0,pegasus,a2
34,3,2.0,2.0,1.0,gold,a2
34,1,1.0,1.0,0.0,mt5_generated,a2
35,2,1.0,1.0,2.0,b2b_generated,a2
35,4,1.0,1.0,1.0,pegasus,a2
35,1,2.0,2.0,1.0,mt5_generated,a2
35,3,1.0,1.0,1.0,gold,a2
36,4,1.0,1.0,0.0,pegasus,a2
36,1,1.0,1.0,1.0,mt5_generated,a2
36,3,1.0,0.0,1.0,gold,a2
36,2,2.0,2.0,2.0,b2b_generated,a2
37,1,1.0,1.0,0.0,mt5_generated,a2
37,3,1.0,1.0,1.0,gold,a2
37,2,1.0,1.0,2.0,b2b_generated,a2
37,4,0.0,0.0,1.0,pegasus,a2
38,2,1.0,1.0,0.0,b2b_generated,a2
38,1,1.0,1.0,1.0,mt5_generated,a2
38,3,2.0,1.0,1.0,gold,a2
38,4,1.0,1.0,0.0,pegasus,a2
39,1,0.0,1.0,1.0,mt5_generated,a2
39,4,2.0,2.0,2.0,pegasus,a2
39,3,0.0,0.0,1.0,gold,a2
39,2,2.0,2.0,1.0,b2b_generated,a2
40,3,0.0,1.0,0.0,gold,a2
40,2,2.0,2.0,2.0,b2b_generated,a2
40,1,0.0,0.0,1.0,mt5_generated,a2
40,4,1.0,1.0,1.0,pegasus,a2
41,4,1.0,1.0,1.0,pegasus,a2
41,1,1.0,1.0,2.0,mt5_generated,a2
41,3,2.0,2.0,1.0,gold,a2
41,2,1.0,1.0,1.0,b2b_generated,a2
42,4,1.0,1.0,0.0,pegasus,a2
42,1,1.0,1.0,1.0,mt5_generated,a2
42,2,2.0,2.0,1.0,b2b_generated,a2
42,3,2.0,2.0,2.0,gold,a2
43,2,1.0,1.0,1.0,b2b_generated,a2
43,1,2.0,2.0,2.0,mt5_generated,a2
43,4,1.0,1.0,2.0,pegasus,a2
43,3,1.0,1.0,2.0,gold,a2
44,4,1.0,1.0,1.0,pegasus,a2
44,3,2.0,1.0,2.0,gold,a2
44,1,2.0,2.0,1.0,mt5_generated,a2
44,2,1.0,2.0,2.0,b2b_generated,a2
45,4,1.0,1.0,0.0,pegasus,a2
45,2,1.0,1.0,1.0,b2b_generated,a2
45,1,1.0,1.0,1.0,mt5_generated,a2
45,3,1.0,1.0,0.0,gold,a2
46,2,2.0,2.0,2.0,b2b_generated,a2
46,3,1.0,1.0,2.0,gold,a2
46,1,1.0,1.0,2.0,mt5_generated,a2
46,4,1.0,0.0,1.0,pegasus,a2
47,2,2.0,2.0,1.0,b2b_generated,a2
47,3,2.0,2.0,1.0,gold,a2
47,4,1.0,2.0,2.0,pegasus,a2
47,1,1.0,2.0,1.0,mt5_generated,a2
48,4,1.0,1.0,2.0,pegasus,a2
48,3,2.0,2.0,1.0,gold,a2
48,2,1.0,1.0,1.0,b2b_generated,a2
48,1,2.0,1.0,1.0,mt5_generated,a2
49,1,0.0,2.0,2.0,mt5_generated,a2
49,3,1.0,2.0,2.0,gold,a2
49,4,2.0,2.0,1.0,pegasus,a2
49,2,1.0,2.0,1.0,b2b_generated,a2
50,2,1.0,1.0,1.0,b2b_generated,a2
50,4,2.0,2.0,2.0,pegasus,a2
50,1,1.0,2.0,0.0,mt5_generated,a2
50,3,2.0,2.0,1.0,gold,a2
51,3,0.0,0.0,2.0,gold,a2
51,1,0.0,0.0,2.0,mt5_generated,a2
51,2,2.0,2.0,1.0,b2b_generated,a2
51,4,1.0,2.0,2.0,pegasus,a2
52,1,1.0,2.0,2.0,mt5_generated,a2
52,2,2.0,2.0,2.0,b2b_generated,a2
52,4,1.0,1.0,1.0,pegasus,a2
52,3,1.0,1.0,1.0,gold,a2
53,1,1.0,1.0,2.0,mt5_generated,a2
53,3,2.0,2.0,1.0,gold,a2
53,2,1.0,1.0,1.0,b2b_generated,a2
53,4,2.0,2.0,1.0,pegasus,a2
54,3,1.0,1.0,1.0,gold,a2
54,4,1.0,1.0,2.0,pegasus,a2
54,2,2.0,2.0,2.0,b2b_generated,a2
54,1,1.0,2.0,1.0,mt5_generated,a2
55,4,1.0,1.0,2.0,pegasus,a2
55,1,2.0,2.0,1.0,mt5_generated,a2
55,3,1.0,1.0,2.0,gold,a2
55,2,1.0,2.0,2.0,b2b_generated,a2
56,1,1.0,1.0,0.0,mt5_generated,a2
56,2,1.0,1.0,0.0,b2b_generated,a2
56,3,1.0,1.0,1.0,gold,a2
56,4,2.0,2.0,1.0,pegasus,a2
57,2,1.0,1.0,1.0,b2b_generated,a2
57,4,2.0,2.0,2.0,pegasus,a2
57,1,2.0,2.0,1.0,mt5_generated,a2
57,3,1.0,1.0,0.0,gold,a2
58,1,1.0,1.0,2.0,mt5_generated,a2
58,3,1.0,2.0,2.0,gold,a2
58,4,1.0,1.0,2.0,pegasus,a2
58,2,2.0,2.0,2.0,b2b_generated,a2
59,4,2.0,2.0,1.0,pegasus,a2
59,3,0.0,0.0,2.0,gold,a2
59,2,1.0,1.0,1.0,b2b_generated,a2
59,1,1.0,1.0,2.0,mt5_generated,a2
60,3,1.0,2.0,1.0,gold,a2
60,2,2.0,2.0,2.0,b2b_generated,a2
60,1,2.0,2.0,2.0,mt5_generated,a2
60,4,1.0,2.0,1.0,pegasus,a2
61,2,1.0,2.0,2.0,b2b_generated,a2
61,4,1.0,2.0,1.0,pegasus,a2
61,1,1.0,2.0,1.0,mt5_generated,a2
61,3,1.0,1.0,1.0,gold,a2
62,2,1.0,2.0,2.0,b2b_generated,a2
62,3,1.0,2.0,2.0,gold,a2
62,1,2.0,2.0,2.0,mt5_generated,a2
62,4,2.0,2.0,1.0,pegasus,a2
63,3,2.0,2.0,1.0,gold,a2
63,2,2.0,1.0,1.0,b2b_generated,a2
63,4,1.0,2.0,2.0,pegasus,a2
63,1,1.0,2.0,2.0,mt5_generated,a2
64,4,2.0,2.0,1.0,pegasus,a2
64,1,1.0,1.0,2.0,mt5_generated,a2
64,2,2.0,2.0,1.0,b2b_generated,a2
64,3,1.0,1.0,1.0,gold,a2
65,2,1.0,1.0,1.0,b2b_generated,a2
65,4,1.0,1.0,1.0,pegasus,a2
65,1,2.0,2.0,1.0,mt5_generated,a2
65,3,0.0,0.0,0.0,gold,a2
66,3,1.0,1.0,1.0,gold,a2
66,1,1.0,2.0,1.0,mt5_generated,a2
66,4,1.0,1.0,2.0,pegasus,a2
66,2,2.0,2.0,2.0,b2b_generated,a2
67,1,1.0,1.0,1.0,mt5_generated,a2
67,3,1.0,2.0,1.0,gold,a2
67,2,1.0,1.0,2.0,b2b_generated,a2
67,4,2.0,2.0,2.0,pegasus,a2
68,1,0.0,0.0,1.0,mt5_generated,a2
68,4,1.0,1.0,1.0,pegasus,a2
68,2,1.0,1.0,1.0,b2b_generated,a2
68,3,2.0,2.0,2.0,gold,a2
69,2,2.0,2.0,1.0,b2b_generated,a2
69,4,1.0,1.0,1.0,pegasus,a2
69,3,1.0,1.0,2.0,gold,a2
69,1,1.0,1.0,1.0,mt5_generated,a2
70,2,2.0,2.0,1.0,b2b_generated,a2
70,4,1.0,2.0,2.0,pegasus,a2
70,3,1.0,1.0,2.0,gold,a2
70,1,1.0,1.0,1.0,mt5_generated,a2
71,3,1.0,1.0,2.0,gold,a2
71,2,1.0,2.0,1.0,b2b_generated,a2
71,4,1.0,1.0,2.0,pegasus,a2
71,1,2.0,2.0,2.0,mt5_generated,a2
72,1,2.0,2.0,1.0,mt5_generated,a2
72,2,1.0,1.0,2.0,b2b_generated,a2
72,3,0.0,1.0,1.0,gold,a2
72,4,2.0,2.0,1.0,pegasus,a2
73,1,0.0,1.0,1.0,mt5_generated,a2
73,4,2.0,2.0,1.0,pegasus,a2
73,3,1.0,1.0,1.0,gold,a2
73,2,1.0,1.0,2.0,b2b_generated,a2
74,4,1.0,1.0,2.0,pegasus,a2
74,1,1.0,1.0,2.0,mt5_generated,a2
74,2,2.0,2.0,1.0,b2b_generated,a2
74,3,1.0,1.0,1.0,gold,a2
75,2,2.0,2.0,1.0,b2b_generated,a2
75,3,1.0,1.0,0.0,gold,a2
75,4,1.0,1.0,1.0,pegasus,a2
75,1,1.0,2.0,2.0,mt5_generated,a2
76,1,1.0,1.0,1.0,mt5_generated,a2
76,2,1.0,1.0,2.0,b2b_generated,a2
76,4,1.0,2.0,1.0,pegasus,a2
76,3,1.0,1.0,1.0,gold,a2
77,3,2.0,2.0,2.0,gold,a2
77,2,0.0,0.0,0.0,b2b_generated,a2
77,4,1.0,1.0,2.0,pegasus,a2
77,1,1.0,1.0,1.0,mt5_generated,a2
78,2,1.0,1.0,2.0,b2b_generated,a2
78,1,1.0,1.0,1.0,mt5_generated,a2
78,4,2.0,2.0,1.0,pegasus,a2
78,3,1.0,1.0,0.0,gold,a2
79,4,1.0,1.0,1.0,pegasus,a2
79,3,2.0,2.0,2.0,gold,a2
79,1,1.0,0.0,1.0,mt5_generated,a2
79,2,1.0,1.0,2.0,b2b_generated,a2
80,4,2.0,2.0,2.0,pegasus,a2
80,2,1.0,1.0,1.0,b2b_generated,a2
80,1,2.0,2.0,1.0,mt5_generated,a2
80,3,1.0,1.0,1.0,gold,a2
81,1,1.0,1.0,1.0,mt5_generated,a2
81,4,2.0,2.0,2.0,pegasus,a2
81,3,1.0,1.0,1.0,gold,a2
81,2,1.0,2.0,1.0,b2b_generated,a2
82,2,2.0,2.0,2.0,b2b_generated,a2
82,3,1.0,1.0,1.0,gold,a2
82,1,1.0,1.0,0.0,mt5_generated,a2
82,4,2.0,2.0,2.0,pegasus,a2
83,3,1.0,2.0,1.0,gold,a2
83,1,2.0,2.0,1.0,mt5_generated,a2
83,4,1.0,2.0,2.0,pegasus,a2
83,2,1.0,2.0,1.0,b2b_generated,a2
84,2,1.0,1.0,1.0,b2b_generated,a2
84,1,2.0,2.0,2.0,mt5_generated,a2
84,3,1.0,1.0,2.0,gold,a2
84,4,2.0,2.0,1.0,pegasus,a2
85,4,1.0,1.0,1.0,pegasus,a2
85,1,1.0,1.0,1.0,mt5_generated,a2
85,2,2.0,2.0,1.0,b2b_generated,a2
85,3,1.0,1.0,2.0,gold,a2
86,2,1.0,1.0,2.0,b2b_generated,a2
86,1,1.0,2.0,1.0,mt5_generated,a2
86,4,2.0,2.0,1.0,pegasus,a2
86,3,1.0,1.0,1.0,gold,a2
87,1,1.0,2.0,1.0,mt5_generated,a2
87,2,1.0,1.0,1.0,b2b_generated,a2
87,3,1.0,1.0,2.0,gold,a2
87,4,2.0,2.0,2.0,pegasus,a2
88,1,1.0,1.0,1.0,mt5_generated,a2
88,3,2.0,2.0,1.0,gold,a2
88,4,2.0,2.0,1.0,pegasus,a2
88,2,1.0,1.0,2.0,b2b_generated,a2
89,1,1.0,1.0,0.0,mt5_generated,a2
89,4,2.0,2.0,1.0,pegasus,a2
89,3,1.0,1.0,2.0,gold,a2
89,2,0.0,0.0,1.0,b2b_generated,a2
90,1,1.0,1.0,1.0,mt5_generated,a2
90,2,1.0,2.0,2.0,b2b_generated,a2
90,3,1.0,2.0,1.0,gold,a2
90,4,2.0,2.0,1.0,pegasus,a2
91,1,2.0,2.0,1.0,mt5_generated,a2
91,4,1.0,2.0,1.0,pegasus,a2
91,3,1.0,1.0,2.0,gold,a2
91,2,0.0,0.0,1.0,b2b_generated,a2
92,2,2.0,2.0,1.0,b2b_generated,a2
92,4,1.0,2.0,2.0,pegasus,a2
92,3,1.0,2.0,1.0,gold,a2
92,1,0.0,0.0,0.0,mt5_generated,a2
93,4,1.0,1.0,1.0,pegasus,a2
93,3,2.0,2.0,1.0,gold,a2
93,1,1.0,1.0,1.0,mt5_generated,a2
93,2,1.0,1.0,2.0,b2b_generated,a2
94,4,2.0,2.0,1.0,pegasus,a2
94,2,1.0,1.0,2.0,b2b_generated,a2
94,3,1.0,2.0,1.0,gold,a2
94,1,1.0,2.0,1.0,mt5_generated,a2
95,4,2.0,2.0,1.0,pegasus,a2
95,3,1.0,1.0,2.0,gold,a2
95,2,1.0,1.0,2.0,b2b_generated,a2
95,1,1.0,2.0,1.0,mt5_generated,a2
96,1,1.0,2.0,2.0,mt5_generated,a2
96,4,1.0,2.0,1.0,pegasus,a2
96,2,2.0,2.0,1.0,b2b_generated,a2
96,3,1.0,1.0,1.0,gold,a2
97,2,1.0,1.0,1.0,b2b_generated,a2
97,3,0.0,1.0,2.0,gold,a2
97,1,1.0,1.0,1.0,mt5_generated,a2
97,4,2.0,2.0,1.0,pegasus,a2
98,2,2.0,2.0,1.0,b2b_generated,a2
98,4,1.0,1.0,2.0,pegasus,a2
98,3,1.0,1.0,1.0,gold,a2
98,1,1.0,1.0,2.0,mt5_generated,a2
99,3,1.0,1.0,1.0,gold,a2
99,1,2.0,2.0,1.0,mt5_generated,a2
99,4,0.0,1.0,1.0,pegasus,a2
99,2,0.0,1.0,2.0,b2b_generated,a2
1,3,0.0,2.0,2.0,gold,a4
1,1,1.0,2.0,2.0,mt5_generated,a4
1,4,0.0,0.0,0.0,pegasus,a4
1,2,1.0,2.0,2.0,b2b_generated,a4
2,3,2.0,2.0,2.0,gold,a4
2,2,2.0,1.0,2.0,b2b_generated,a4
2,4,2.0,2.0,2.0,pegasus,a4
2,1,2.0,2.0,2.0,mt5_generated,a4
3,3,2.0,2.0,1.0,gold,a4
3,2,1.0,2.0,2.0,b2b_generated,a4
3,4,1.0,2.0,2.0,pegasus,a4
3,1,2.0,1.0,2.0,mt5_generated,a4
4,4,1.0,2.0,1.0,pegasus,a4
4,1,1.0,2.0,2.0,mt5_generated,a4
4,3,2.0,2.0,2.0,gold,a4
4,2,0.0,2.0,0.0,b2b_generated,a4
5,4,2.0,2.0,2.0,pegasus,a4
5,3,2.0,2.0,2.0,gold,a4
5,2,1.0,2.0,2.0,b2b_generated,a4
5,1,2.0,2.0,2.0,mt5_generated,a4
6,4,2.0,2.0,2.0,pegasus,a4
6,2,1.0,1.0,2.0,b2b_generated,a4
6,3,2.0,1.0,2.0,gold,a4
6,1,1.0,2.0,2.0,mt5_generated,a4
7,3,0.0,2.0,2.0,gold,a4
7,1,1.0,2.0,2.0,mt5_generated,a4
7,2,1.0,2.0,2.0,b2b_generated,a4
7,4,1.0,2.0,1.0,pegasus,a4
8,1,2.0,2.0,2.0,mt5_generated,a4
8,4,1.0,2.0,2.0,pegasus,a4
8,3,1.0,2.0,2.0,gold,a4
8,2,0.0,2.0,2.0,b2b_generated,a4
9,4,0.0,1.0,0.0,pegasus,a4
9,1,1.0,2.0,2.0,mt5_generated,a4
9,2,1.0,2.0,2.0,b2b_generated,a4
9,3,1.0,2.0,2.0,gold,a4
10,1,1.0,2.0,2.0,mt5_generated,a4
10,3,1.0,2.0,2.0,gold,a4
10,2,1.0,2.0,2.0,b2b_generated,a4
10,4,2.0,2.0,2.0,pegasus,a4
11,3,1.0,2.0,2.0,gold,a4
11,1,2.0,1.0,2.0,mt5_generated,a4
11,2,2.0,2.0,2.0,b2b_generated,a4
11,4,2.0,1.0,1.0,pegasus,a4
12,3,2.0,2.0,2.0,gold,a4
12,4,2.0,2.0,2.0,pegasus,a4
12,1,1.0,2.0,2.0,mt5_generated,a4
12,2,0.0,2.0,0.0,b2b_generated,a4
13,4,0.0,2.0,2.0,pegasus,a4
13,1,1.0,2.0,2.0,mt5_generated,a4
13,2,1.0,2.0,1.0,b2b_generated,a4
13,3,0.0,0.0,0.0,gold,a4
14,1,1.0,2.0,2.0,mt5_generated,a4
14,2,1.0,2.0,2.0,b2b_generated,a4
14,3,2.0,2.0,2.0,gold,a4
14,4,1.0,2.0,2.0,pegasus,a4
15,2,2.0,2.0,2.0,b2b_generated,a4
15,4,1.0,2.0,2.0,pegasus,a4
15,3,1.0,2.0,2.0,gold,a4
15,1,2.0,1.0,2.0,mt5_generated,a4
16,2,2.0,2.0,2.0,b2b_generated,a4
16,4,0.0,2.0,2.0,pegasus,a4
16,3,1.0,2.0,2.0,gold,a4
16,1,1.0,2.0,2.0,mt5_generated,a4
17,2,1.0,2.0,2.0,b2b_generated,a4
17,3,2.0,2.0,2.0,gold,a4
17,4,1.0,2.0,2.0,pegasus,a4
17,1,1.0,2.0,2.0,mt5_generated,a4
18,4,2.0,1.0,2.0,pegasus,a4
18,2,2.0,0.0,2.0,b2b_generated,a4
18,3,1.0,2.0,2.0,gold,a4
18,1,2.0,2.0,1.0,mt5_generated,a4
19,2,2.0,2.0,2.0,b2b_generated,a4
19,3,2.0,2.0,2.0,gold,a4
19,1,1.0,1.0,2.0,mt5_generated,a4
19,4,1.0,2.0,1.0,pegasus,a4
20,1,1.0,2.0,2.0,mt5_generated,a4
20,3,2.0,2.0,2.0,gold,a4
20,2,1.0,2.0,2.0,b2b_generated,a4
20,4,1.0,2.0,2.0,pegasus,a4
21,4,1.0,2.0,1.0,pegasus,a4
21,1,1.0,1.0,1.0,mt5_generated,a4
21,3,2.0,2.0,2.0,gold,a4
21,2,1.0,1.0,2.0,b2b_generated,a4
22,2,0.0,2.0,2.0,b2b_generated,a4
22,1,0.0,2.0,2.0,mt5_generated,a4
22,3,0.0,2.0,2.0,gold,a4
22,4,1.0,2.0,2.0,pegasus,a4
23,2,1.0,2.0,2.0,b2b_generated,a4
23,3,1.0,2.0,0.0,gold,a4
23,4,1.0,2.0,2.0,pegasus,a4
23,1,2.0,1.0,2.0,mt5_generated,a4
24,1,1.0,2.0,2.0,mt5_generated,a4
24,4,1.0,2.0,2.0,pegasus,a4
24,2,1.0,2.0,2.0,b2b_generated,a4
24,3,1.0,2.0,2.0,gold,a4
25,3,1.0,2.0,1.0,gold,a4
25,2,0.0,0.0,0.0,b2b_generated,a4
25,4,1.0,2.0,2.0,pegasus,a4
25,1,0.0,0.0,2.0,mt5_generated,a4
26,2,1.0,2.0,2.0,b2b_generated,a4
26,1,1.0,2.0,2.0,mt5_generated,a4
26,3,1.0,2.0,2.0,gold,a4
26,4,2.0,2.0,1.0,pegasus,a4
27,3,2.0,1.0,2.0,gold,a4
27,1,1.0,1.0,2.0,mt5_generated,a4
27,2,1.0,2.0,2.0,b2b_generated,a4
27,4,2.0,2.0,2.0,pegasus,a4
28,1,2.0,2.0,2.0,mt5_generated,a4
28,2,1.0,2.0,2.0,b2b_generated,a4
28,3,1.0,2.0,2.0,gold,a4
28,4,1.0,1.0,1.0,pegasus,a4
29,4,1.0,2.0,2.0,pegasus,a4
29,3,1.0,2.0,2.0,gold,a4
29,2,0.0,0.0,2.0,b2b_generated,a4
29,1,1.0,2.0,0.0,mt5_generated,a4
30,4,1.0,2.0,2.0,pegasus,a4
30,2,1.0,1.0,2.0,b2b_generated,a4
30,1,1.0,2.0,2.0,mt5_generated,a4
30,3,1.0,2.0,2.0,gold,a4
31,3,2.0,2.0,2.0,gold,a4
31,4,0.0,1.0,2.0,pegasus,a4
31,2,0.0,0.0,2.0,b2b_generated,a4
31,1,1.0,0.0,2.0,mt5_generated,a4
32,1,0.0,0.0,2.0,mt5_generated,a4
32,2,1.0,0.0,2.0,b2b_generated,a4
32,3,1.0,0.0,2.0,gold,a4
32,4,2.0,2.0,2.0,pegasus,a4
33,2,2.0,2.0,2.0,b2b_generated,a4
33,4,2.0,2.0,2.0,pegasus,a4
33,1,2.0,2.0,2.0,mt5_generated,a4
33,3,2.0,2.0,2.0,gold,a4
34,2,2.0,2.0,2.0,b2b_generated,a4
34,4,2.0,2.0,2.0,pegasus,a4
34,3,2.0,2.0,2.0,gold,a4
34,1,1.0,2.0,2.0,mt5_generated,a4
35,2,2.0,2.0,2.0,b2b_generated,a4
35,4,0.0,2.0,2.0,pegasus,a4
35,1,2.0,1.0,1.0,mt5_generated,a4
35,3,0.0,0.0,2.0,gold,a4
36,4,2.0,2.0,2.0,pegasus,a4
36,1,2.0,1.0,1.0,mt5_generated,a4
36,3,2.0,2.0,2.0,gold,a4
36,2,1.0,2.0,2.0,b2b_generated,a4
37,1,1.0,2.0,2.0,mt5_generated,a4
37,3,1.0,2.0,2.0,gold,a4
37,2,2.0,0.0,2.0,b2b_generated,a4
37,4,2.0,2.0,2.0,pegasus,a4
38,2,1.0,2.0,2.0,b2b_generated,a4
38,1,1.0,2.0,2.0,mt5_generated,a4
38,3,1.0,2.0,2.0,gold,a4
38,4,2.0,2.0,2.0,pegasus,a4
39,1,0.0,0.0,0.0,mt5_generated,a4
39,4,1.0,2.0,2.0,pegasus,a4
39,3,1.0,2.0,2.0,gold,a4
39,2,1.0,2.0,2.0,b2b_generated,a4
40,3,1.0,2.0,2.0,gold,a4
40,2,1.0,0.0,2.0,b2b_generated,a4
40,1,1.0,2.0,2.0,mt5_generated,a4
40,4,1.0,2.0,2.0,pegasus,a4
41,4,0.0,0.0,0.0,pegasus,a4
41,1,2.0,2.0,2.0,mt5_generated,a4
41,3,1.0,2.0,2.0,gold,a4
41,2,1.0,2.0,2.0,b2b_generated,a4
42,4,0.0,2.0,1.0,pegasus,a4
42,1,1.0,2.0,1.0,mt5_generated,a4
42,2,1.0,2.0,1.0,b2b_generated,a4
42,3,1.0,2.0,2.0,gold,a4
43,2,1.0,1.0,1.0,b2b_generated,a4
43,1,0.0,2.0,0.0,mt5_generated,a4
43,4,2.0,2.0,1.0,pegasus,a4
43,3,2.0,2.0,2.0,gold,a4
44,4,1.0,2.0,2.0,pegasus,a4
44,3,2.0,2.0,2.0,gold,a4
44,1,1.0,2.0,2.0,mt5_generated,a4
44,2,2.0,2.0,2.0,b2b_generated,a4
45,4,1.0,2.0,2.0,pegasus,a4
45,2,1.0,2.0,2.0,b2b_generated,a4
45,1,2.0,2.0,1.0,mt5_generated,a4
45,3,1.0,2.0,2.0,gold,a4
46,2,1.0,2.0,2.0,b2b_generated,a4
46,3,2.0,2.0,0.0,gold,a4
46,1,2.0,2.0,2.0,mt5_generated,a4
46,4,1.0,2.0,2.0,pegasus,a4
47,2,2.0,2.0,1.0,b2b_generated,a4
47,3,0.0,2.0,2.0,gold,a4
47,4,1.0,2.0,2.0,pegasus,a4
47,1,0.0,0.0,2.0,mt5_generated,a4
48,4,2.0,2.0,2.0,pegasus,a4
48,3,2.0,2.0,2.0,gold,a4
48,2,0.0,0.0,2.0,b2b_generated,a4
48,1,1.0,2.0,2.0,mt5_generated,a4
49,1,2.0,2.0,2.0,mt5_generated,a4
49,3,2.0,2.0,2.0,gold,a4
49,4,1.0,2.0,2.0,pegasus,a4
49,2,2.0,2.0,2.0,b2b_generated,a4
50,2,0.0,2.0,2.0,b2b_generated,a4
50,4,1.0,2.0,2.0,pegasus,a4
50,1,2.0,2.0,2.0,mt5_generated,a4
50,3,1.0,2.0,2.0,gold,a4
51,3,0.0,2.0,2.0,gold,a4
51,1,1.0,2.0,2.0,mt5_generated,a4
51,2,1.0,2.0,2.0,b2b_generated,a4
51,4,2.0,2.0,2.0,pegasus,a4
52,1,0.0,2.0,2.0,mt5_generated,a4
52,2,0.0,0.0,2.0,b2b_generated,a4
52,4,2.0,2.0,2.0,pegasus,a4
52,3,0.0,2.0,0.0,gold,a4
53,1,1.0,2.0,2.0,mt5_generated,a4
53,3,2.0,2.0,2.0,gold,a4
53,2,1.0,0.0,2.0,b2b_generated,a4
53,4,1.0,2.0,1.0,pegasus,a4
54,3,2.0,1.0,1.0,gold,a4
54,4,2.0,2.0,2.0,pegasus,a4
54,2,2.0,2.0,2.0,b2b_generated,a4
54,1,1.0,2.0,2.0,mt5_generated,a4
55,4,1.0,1.0,2.0,pegasus,a4
55,1,2.0,2.0,2.0,mt5_generated,a4
55,3,1.0,2.0,2.0,gold,a4
55,2,1.0,2.0,2.0,b2b_generated,a4
56,1,1.0,2.0,2.0,mt5_generated,a4
56,2,1.0,2.0,2.0,b2b_generated,a4
56,3,1.0,2.0,2.0,gold,a4
56,4,2.0,2.0,2.0,pegasus,a4
57,2,2.0,2.0,2.0,b2b_generated,a4
57,4,2.0,2.0,2.0,pegasus,a4
57,1,1.0,2.0,2.0,mt5_generated,a4
57,3,0.0,2.0,2.0,gold,a4
58,1,1.0,2.0,2.0,mt5_generated,a4
58,3,1.0,2.0,2.0,gold,a4
58,4,1.0,2.0,2.0,pegasus,a4
58,2,1.0,2.0,2.0,b2b_generated,a4
59,4,2.0,2.0,2.0,pegasus,a4
59,3,1.0,2.0,2.0,gold,a4
59,2,1.0,2.0,2.0,b2b_generated,a4
59,1,0.0,2.0,2.0,mt5_generated,a4
60,3,1.0,1.0,2.0,gold,a4
60,2,2.0,2.0,2.0,b2b_generated,a4
60,1,2.0,2.0,2.0,mt5_generated,a4
60,4,2.0,2.0,2.0,pegasus,a4
61,2,1.0,2.0,2.0,b2b_generated,a4
61,4,1.0,2.0,2.0,pegasus,a4
61,1,1.0,2.0,2.0,mt5_generated,a4
61,3,1.0,2.0,2.0,gold,a4
62,2,2.0,2.0,2.0,b2b_generated,a4
62,3,1.0,2.0,2.0,gold,a4
62,1,1.0,1.0,2.0,mt5_generated,a4
62,4,1.0,2.0,2.0,pegasus,a4
63,3,2.0,2.0,2.0,gold,a4
63,2,2.0,1.0,1.0,b2b_generated,a4
63,4,0.0,2.0,2.0,pegasus,a4
63,1,1.0,2.0,2.0,mt5_generated,a4
64,4,2.0,2.0,2.0,pegasus,a4
64,1,2.0,2.0,2.0,mt5_generated,a4
64,2,2.0,2.0,2.0,b2b_generated,a4
64,3,0.0,2.0,0.0,gold,a4
65,2,1.0,2.0,2.0,b2b_generated,a4
65,4,0.0,0.0,0.0,pegasus,a4
65,1,1.0,1.0,1.0,mt5_generated,a4
65,3,2.0,0.0,0.0,gold,a4
66,3,2.0,1.0,2.0,gold,a4
66,1,1.0,2.0,1.0,mt5_generated,a4
66,4,2.0,2.0,2.0,pegasus,a4
66,2,2.0,2.0,2.0,b2b_generated,a4
67,1,2.0,2.0,0.0,mt5_generated,a4
67,3,1.0,2.0,2.0,gold,a4
67,2,0.0,0.0,2.0,b2b_generated,a4
67,4,2.0,1.0,2.0,pegasus,a4
68,1,0.0,0.0,0.0,mt5_generated,a4
68,4,1.0,2.0,2.0,pegasus,a4
68,2,1.0,2.0,2.0,b2b_generated,a4
68,3,1.0,2.0,2.0,gold,a4
69,2,2.0,2.0,2.0,b2b_generated,a4
69,4,0.0,2.0,2.0,pegasus,a4
69,3,1.0,2.0,2.0,gold,a4
69,1,2.0,2.0,2.0,mt5_generated,a4
70,2,1.0,1.0,2.0,b2b_generated,a4
70,4,1.0,2.0,2.0,pegasus,a4
70,3,2.0,2.0,2.0,gold,a4
70,1,1.0,1.0,1.0,mt5_generated,a4
71,3,2.0,1.0,2.0,gold,a4
71,2,1.0,2.0,2.0,b2b_generated,a4
71,4,0.0,0.0,0.0,pegasus,a4
71,1,2.0,2.0,2.0,mt5_generated,a4
72,1,2.0,2.0,2.0,mt5_generated,a4
72,2,1.0,2.0,2.0,b2b_generated,a4
72,3,1.0,2.0,2.0,gold,a4
72,4,1.0,2.0,2.0,pegasus,a4
73,1,0.0,2.0,2.0,mt5_generated,a4
73,4,2.0,2.0,2.0,pegasus,a4
73,3,1.0,2.0,2.0,gold,a4
73,2,1.0,2.0,2.0,b2b_generated,a4
74,4,0.0,2.0,2.0,pegasus,a4
74,1,1.0,2.0,2.0,mt5_generated,a4
74,2,1.0,1.0,2.0,b2b_generated,a4
74,3,1.0,2.0,2.0,gold,a4
75,2,2.0,2.0,2.0,b2b_generated,a4
75,3,2.0,2.0,2.0,gold,a4
75,4,1.0,2.0,2.0,pegasus,a4
75,1,2.0,2.0,2.0,mt5_generated,a4
76,1,1.0,2.0,2.0,mt5_generated,a4
76,2,0.0,1.0,1.0,b2b_generated,a4
76,4,0.0,2.0,2.0,pegasus,a4
76,3,1.0,1.0,2.0,gold,a4
77,3,2.0,2.0,2.0,gold,a4
77,2,1.0,2.0,0.0,b2b_generated,a4
77,4,1.0,2.0,2.0,pegasus,a4
77,1,1.0,2.0,2.0,mt5_generated,a4
78,2,1.0,2.0,2.0,b2b_generated,a4
78,1,1.0,2.0,2.0,mt5_generated,a4
78,4,2.0,2.0,2.0,pegasus,a4
78,3,1.0,2.0,2.0,gold,a4
79,4,1.0,2.0,2.0,pegasus,a4
79,3,2.0,2.0,2.0,gold,a4
79,1,0.0,0.0,2.0,mt5_generated,a4
79,2,1.0,2.0,2.0,b2b_generated,a4
80,4,2.0,2.0,2.0,pegasus,a4
80,2,1.0,1.0,2.0,b2b_generated,a4
80,1,2.0,2.0,2.0,mt5_generated,a4
80,3,1.0,2.0,2.0,gold,a4
81,1,2.0,2.0,2.0,mt5_generated,a4
81,4,2.0,2.0,2.0,pegasus,a4
81,3,2.0,2.0,2.0,gold,a4
81,2,1.0,2.0,2.0,b2b_generated,a4
82,2,2.0,2.0,2.0,b2b_generated,a4
82,3,2.0,1.0,2.0,gold,a4
82,1,2.0,0.0,0.0,mt5_generated,a4
82,4,1.0,2.0,2.0,pegasus,a4
83,3,2.0,2.0,2.0,gold,a4
83,1,2.0,2.0,2.0,mt5_generated,a4
83,4,1.0,2.0,2.0,pegasus,a4
83,2,0.0,2.0,2.0,b2b_generated,a4
84,2,0.0,0.0,0.0,b2b_generated,a4
84,1,1.0,2.0,2.0,mt5_generated,a4
84,3,2.0,2.0,2.0,gold,a4
84,4,2.0,2.0,2.0,pegasus,a4
85,4,1.0,1.0,2.0,pegasus,a4
85,1,1.0,2.0,2.0,mt5_generated,a4
85,2,2.0,2.0,2.0,b2b_generated,a4
85,3,1.0,1.0,0.0,gold,a4
86,2,2.0,1.0,2.0,b2b_generated,a4
86,1,2.0,1.0,2.0,mt5_generated,a4
86,4,2.0,2.0,2.0,pegasus,a4
86,3,2.0,2.0,2.0,gold,a4
87,1,2.0,2.0,2.0,mt5_generated,a4
87,2,1.0,2.0,2.0,b2b_generated,a4
87,3,1.0,2.0,2.0,gold,a4
87,4,2.0,2.0,2.0,pegasus,a4
88,1,0.0,2.0,2.0,mt5_generated,a4
88,3,0.0,2.0,1.0,gold,a4
88,4,1.0,2.0,2.0,pegasus,a4
88,2,1.0,2.0,2.0,b2b_generated,a4
89,1,0.0,1.0,0.0,mt5_generated,a4
89,4,1.0,1.0,1.0,pegasus,a4
89,3,2.0,2.0,2.0,gold,a4
89,2,1.0,2.0,2.0,b2b_generated,a4
90,1,0.0,2.0,2.0,mt5_generated,a4
90,2,0.0,1.0,2.0,b2b_generated,a4
90,3,1.0,1.0,2.0,gold,a4
90,4,1.0,2.0,2.0,pegasus,a4
91,1,2.0,2.0,2.0,mt5_generated,a4
91,4,2.0,1.0,2.0,pegasus,a4
91,3,1.0,2.0,2.0,gold,a4
91,2,1.0,1.0,0.0,b2b_generated,a4
92,2,1.0,2.0,2.0,b2b_generated,a4
92,4,1.0,2.0,2.0,pegasus,a4
92,3,2.0,2.0,2.0,gold,a4
92,1,0.0,0.0,0.0,mt5_generated,a4
93,4,1.0,2.0,2.0,pegasus,a4
93,3,2.0,2.0,2.0,gold,a4
93,1,1.0,2.0,2.0,mt5_generated,a4
93,2,1.0,2.0,2.0,b2b_generated,a4
94,4,2.0,2.0,2.0,pegasus,a4
94,2,1.0,2.0,2.0,b2b_generated,a4
94,3,1.0,2.0,2.0,gold,a4
94,1,2.0,2.0,2.0,mt5_generated,a4
95,4,2.0,1.0,1.0,pegasus,a4
95,3,2.0,2.0,2.0,gold,a4
95,2,2.0,2.0,2.0,b2b_generated,a4
95,1,1.0,2.0,2.0,mt5_generated,a4
96,1,1.0,2.0,2.0,mt5_generated,a4
96,4,2.0,2.0,2.0,pegasus,a4
96,2,2.0,2.0,1.0,b2b_generated,a4
96,3,1.0,2.0,2.0,gold,a4
97,2,2.0,2.0,2.0,b2b_generated,a4
97,3,0.0,2.0,2.0,gold,a4
97,1,0.0,2.0,2.0,mt5_generated,a4
97,4,1.0,2.0,2.0,pegasus,a4
98,2,1.0,2.0,2.0,b2b_generated,a4
98,4,2.0,2.0,2.0,pegasus,a4
98,3,1.0,2.0,2.0,gold,a4
98,1,0.0,0.0,2.0,mt5_generated,a4
99,3,0.0,0.0,0.0,gold,a4
99,1,1.0,2.0,1.0,mt5_generated,a4
99,4,1.0,2.0,1.0,pegasus,a4
99,2,0.0,2.0,2.0,b2b_generated,a4
1,3,0.0,2.0,2.0,gold,a5
1,1,1.0,2.0,1.0,mt5_generated,a5
1,4,1.0,1.0,1.0,pegasus,a5
1,2,1.0,2.0,2.0,b2b_generated,a5
2,3,2.0,2.0,2.0,gold,a5
2,2,2.0,1.0,2.0,b2b_generated,a5
2,4,2.0,2.0,2.0,pegasus,a5
2,1,1.0,2.0,2.0,mt5_generated,a5
3,3,1.0,2.0,1.0,gold,a5
3,2,1.0,2.0,2.0,b2b_generated,a5
3,4,2.0,2.0,2.0,pegasus,a5
3,1,2.0,2.0,2.0,mt5_generated,a5
4,4,1.0,2.0,2.0,pegasus,a5
4,1,2.0,2.0,2.0,mt5_generated,a5
4,3,2.0,2.0,2.0,gold,a5
4,2,1.0,2.0,1.0,b2b_generated,a5
5,4,1.0,2.0,2.0,pegasus,a5
5,3,2.0,2.0,2.0,gold,a5
5,2,1.0,2.0,2.0,b2b_generated,a5
5,1,2.0,2.0,2.0,mt5_generated,a5
6,4,1.0,2.0,2.0,pegasus,a5
6,2,2.0,1.0,2.0,b2b_generated,a5
6,3,2.0,2.0,2.0,gold,a5
6,1,1.0,1.0,2.0,mt5_generated,a5
7,3,1.0,2.0,2.0,gold,a5
7,1,0.0,2.0,2.0,mt5_generated,a5
7,2,1.0,2.0,2.0,b2b_generated,a5
7,4,1.0,1.0,1.0,pegasus,a5
8,1,2.0,2.0,2.0,mt5_generated,a5
8,4,1.0,2.0,2.0,pegasus,a5
8,3,0.0,2.0,2.0,gold,a5
8,2,0.0,2.0,2.0,b2b_generated,a5
9,4,1.0,2.0,1.0,pegasus,a5
9,1,2.0,2.0,2.0,mt5_generated,a5
9,2,1.0,1.0,1.0,b2b_generated,a5
9,3,2.0,2.0,2.0,gold,a5
10,1,2.0,2.0,2.0,mt5_generated,a5
10,3,2.0,2.0,2.0,gold,a5
10,2,2.0,2.0,2.0,b2b_generated,a5
10,4,1.0,2.0,2.0,pegasus,a5
11,3,1.0,2.0,2.0,gold,a5
11,1,2.0,2.0,2.0,mt5_generated,a5
11,2,2.0,2.0,2.0,b2b_generated,a5
11,4,2.0,1.0,1.0,pegasus,a5
12,3,2.0,2.0,2.0,gold,a5
12,4,2.0,2.0,1.0,pegasus,a5
12,1,2.0,2.0,2.0,mt5_generated,a5
12,2,2.0,2.0,2.0,b2b_generated,a5
13,4,2.0,2.0,2.0,pegasus,a5
13,1,0.0,2.0,2.0,mt5_generated,a5
13,2,1.0,1.0,0.0,b2b_generated,a5
13,3,0.0,0.0,0.0,gold,a5
14,1,0.0,2.0,2.0,mt5_generated,a5
14,2,0.0,2.0,2.0,b2b_generated,a5
14,3,2.0,2.0,2.0,gold,a5
14,4,2.0,2.0,2.0,pegasus,a5
15,2,2.0,2.0,2.0,b2b_generated,a5
15,4,1.0,2.0,2.0,pegasus,a5
15,3,2.0,2.0,2.0,gold,a5
15,1,2.0,1.0,2.0,mt5_generated,a5
16,2,1.0,2.0,1.0,b2b_generated,a5
16,4,0.0,2.0,2.0,pegasus,a5
16,3,2.0,2.0,2.0,gold,a5
16,1,2.0,2.0,2.0,mt5_generated,a5
17,2,1.0,1.0,2.0,b2b_generated,a5
17,3,1.0,2.0,2.0,gold,a5
17,4,1.0,2.0,2.0,pegasus,a5
17,1,1.0,2.0,2.0,mt5_generated,a5
18,4,1.0,1.0,1.0,pegasus,a5
18,2,1.0,0.0,2.0,b2b_generated,a5
18,3,0.0,2.0,2.0,gold,a5
18,1,1.0,1.0,2.0,mt5_generated,a5
19,2,1.0,2.0,2.0,b2b_generated,a5
19,3,1.0,2.0,2.0,gold,a5
19,1,1.0,1.0,2.0,mt5_generated,a5
19,4,2.0,2.0,1.0,pegasus,a5
20,1,2.0,2.0,2.0,mt5_generated,a5
20,3,1.0,2.0,2.0,gold,a5
20,2,2.0,2.0,2.0,b2b_generated,a5
20,4,0.0,2.0,1.0,pegasus,a5
21,4,0.0,2.0,0.0,pegasus,a5
21,1,2.0,2.0,1.0,mt5_generated,a5
21,3,1.0,2.0,2.0,gold,a5
21,2,2.0,1.0,2.0,b2b_generated,a5
22,2,1.0,2.0,1.0,b2b_generated,a5
22,1,1.0,2.0,2.0,mt5_generated,a5
22,3,1.0,2.0,2.0,gold,a5
22,4,2.0,1.0,2.0,pegasus,a5
23,2,1.0,2.0,2.0,b2b_generated,a5
23,3,1.0,2.0,1.0,gold,a5
23,4,1.0,1.0,1.0,pegasus,a5
23,1,2.0,2.0,2.0,mt5_generated,a5
24,1,1.0,2.0,2.0,mt5_generated,a5
24,4,2.0,2.0,2.0,pegasus,a5
24,2,1.0,1.0,2.0,b2b_generated,a5
24,3,1.0,1.0,2.0,gold,a5
25,3,1.0,2.0,2.0,gold,a5
25,2,0.0,2.0,0.0,b2b_generated,a5
25,4,1.0,2.0,2.0,pegasus,a5
25,1,1.0,2.0,2.0,mt5_generated,a5
26,2,1.0,2.0,2.0,b2b_generated,a5
26,1,2.0,2.0,2.0,mt5_generated,a5
26,3,2.0,2.0,2.0,gold,a5
26,4,1.0,2.0,2.0,pegasus,a5
27,3,2.0,1.0,2.0,gold,a5
27,1,2.0,1.0,2.0,mt5_generated,a5
27,2,0.0,2.0,2.0,b2b_generated,a5
27,4,2.0,2.0,2.0,pegasus,a5
28,1,1.0,2.0,2.0,mt5_generated,a5
28,2,1.0,2.0,2.0,b2b_generated,a5
28,3,1.0,1.0,2.0,gold,a5
28,4,1.0,1.0,1.0,pegasus,a5
29,4,2.0,2.0,2.0,pegasus,a5
29,3,2.0,2.0,2.0,gold,a5
29,2,0.0,0.0,2.0,b2b_generated,a5
29,1,1.0,2.0,0.0,mt5_generated,a5
30,4,2.0,2.0,2.0,pegasus,a5
30,2,1.0,1.0,2.0,b2b_generated,a5
30,1,2.0,2.0,2.0,mt5_generated,a5
30,3,1.0,2.0,2.0,gold,a5
31,3,2.0,2.0,2.0,gold,a5
31,4,0.0,1.0,2.0,pegasus,a5
31,2,1.0,1.0,2.0,b2b_generated,a5
31,1,0.0,1.0,2.0,mt5_generated,a5
32,1,0.0,2.0,2.0,mt5_generated,a5
32,2,1.0,1.0,2.0,b2b_generated,a5
32,3,1.0,2.0,2.0,gold,a5
32,4,2.0,2.0,2.0,pegasus,a5
33,2,2.0,2.0,2.0,b2b_generated,a5
33,4,2.0,2.0,2.0,pegasus,a5
33,1,2.0,2.0,2.0,mt5_generated,a5
33,3,2.0,2.0,2.0,gold,a5
34,2,1.0,1.0,2.0,b2b_generated,a5
34,4,2.0,2.0,2.0,pegasus,a5
34,3,1.0,2.0,2.0,gold,a5
34,1,1.0,0.0,2.0,mt5_generated,a5
35,2,2.0,2.0,2.0,b2b_generated,a5
35,4,0.0,2.0,2.0,pegasus,a5
35,1,1.0,1.0,1.0,mt5_generated,a5
35,3,0.0,2.0,1.0,gold,a5
36,4,2.0,2.0,2.0,pegasus,a5
36,1,2.0,1.0,1.0,mt5_generated,a5
36,3,2.0,2.0,2.0,gold,a5
36,2,1.0,2.0,2.0,b2b_generated,a5
37,1,1.0,2.0,2.0,mt5_generated,a5
37,3,1.0,2.0,2.0,gold,a5
37,2,1.0,1.0,2.0,b2b_generated,a5
37,4,2.0,2.0,2.0,pegasus,a5
38,2,1.0,2.0,2.0,b2b_generated,a5
38,1,1.0,2.0,2.0,mt5_generated,a5
38,3,1.0,2.0,2.0,gold,a5
38,4,2.0,2.0,2.0,pegasus,a5
39,1,2.0,2.0,0.0,mt5_generated,a5
39,4,2.0,2.0,2.0,pegasus,a5
39,3,2.0,2.0,2.0,gold,a5
39,2,2.0,1.0,2.0,b2b_generated,a5
40,3,1.0,1.0,2.0,gold,a5
40,2,1.0,2.0,2.0,b2b_generated,a5
40,1,2.0,1.0,2.0,mt5_generated,a5
40,4,1.0,2.0,2.0,pegasus,a5
41,4,0.0,1.0,1.0,pegasus,a5
41,1,2.0,2.0,1.0,mt5_generated,a5
41,3,1.0,2.0,2.0,gold,a5
41,2,1.0,2.0,2.0,b2b_generated,a5
42,4,1.0,2.0,2.0,pegasus,a5
42,1,1.0,2.0,2.0,mt5_generated,a5
42,2,1.0,2.0,2.0,b2b_generated,a5
42,3,1.0,2.0,2.0,gold,a5
43,2,2.0,1.0,2.0,b2b_generated,a5
43,1,1.0,2.0,1.0,mt5_generated,a5
43,4,1.0,2.0,2.0,pegasus,a5
43,3,2.0,2.0,2.0,gold,a5
44,4,2.0,2.0,2.0,pegasus,a5
44,3,2.0,2.0,2.0,gold,a5
44,1,1.0,2.0,2.0,mt5_generated,a5
44,2,2.0,2.0,2.0,b2b_generated,a5
45,4,1.0,1.0,2.0,pegasus,a5
45,2,1.0,2.0,1.0,b2b_generated,a5
45,1,0.0,2.0,2.0,mt5_generated,a5
45,3,1.0,2.0,2.0,gold,a5
46,2,1.0,2.0,2.0,b2b_generated,a5
46,3,2.0,2.0,1.0,gold,a5
46,1,2.0,1.0,2.0,mt5_generated,a5
46,4,1.0,2.0,1.0,pegasus,a5
47,2,1.0,2.0,1.0,b2b_generated,a5
47,3,1.0,1.0,2.0,gold,a5
47,4,1.0,2.0,2.0,pegasus,a5
47,1,1.0,1.0,2.0,mt5_generated,a5
48,4,2.0,2.0,2.0,pegasus,a5
48,3,2.0,2.0,2.0,gold,a5
48,2,0.0,1.0,2.0,b2b_generated,a5
48,1,2.0,2.0,2.0,mt5_generated,a5
49,1,1.0,2.0,2.0,mt5_generated,a5
49,3,2.0,2.0,2.0,gold,a5
49,4,0.0,1.0,2.0,pegasus,a5
49,2,2.0,2.0,2.0,b2b_generated,a5
50,2,0.0,2.0,2.0,b2b_generated,a5
50,4,0.0,2.0,2.0,pegasus,a5
50,1,2.0,2.0,2.0,mt5_generated,a5
50,3,1.0,2.0,2.0,gold,a5
51,3,1.0,1.0,2.0,gold,a5
51,1,1.0,2.0,2.0,mt5_generated,a5
51,2,1.0,2.0,2.0,b2b_generated,a5
51,4,1.0,1.0,2.0,pegasus,a5
52,1,1.0,0.0,2.0,mt5_generated,a5
52,2,1.0,1.0,2.0,b2b_generated,a5
52,4,2.0,2.0,1.0,pegasus,a5
52,3,1.0,2.0,2.0,gold,a5
53,1,1.0,2.0,2.0,mt5_generated,a5
53,3,2.0,2.0,2.0,gold,a5
53,2,2.0,2.0,2.0,b2b_generated,a5
53,4,2.0,0.0,1.0,pegasus,a5
54,3,2.0,0.0,2.0,gold,a5
54,4,1.0,2.0,2.0,pegasus,a5
54,2,1.0,2.0,2.0,b2b_generated,a5
54,1,1.0,2.0,2.0,mt5_generated,a5
55,4,2.0,0.0,2.0,pegasus,a5
55,1,1.0,2.0,2.0,mt5_generated,a5
55,3,1.0,2.0,2.0,gold,a5
55,2,1.0,2.0,2.0,b2b_generated,a5
56,1,2.0,2.0,1.0,mt5_generated,a5
56,2,2.0,2.0,2.0,b2b_generated,a5
56,3,1.0,2.0,2.0,gold,a5
56,4,2.0,2.0,1.0,pegasus,a5
57,2,1.0,2.0,2.0,b2b_generated,a5
57,4,1.0,2.0,2.0,pegasus,a5
57,1,1.0,2.0,2.0,mt5_generated,a5
57,3,0.0,2.0,2.0,gold,a5
58,1,2.0,2.0,2.0,mt5_generated,a5
58,3,2.0,1.0,2.0,gold,a5
58,4,2.0,1.0,2.0,pegasus,a5
58,2,1.0,2.0,2.0,b2b_generated,a5
59,4,2.0,1.0,2.0,pegasus,a5
59,3,0.0,0.0,2.0,gold,a5
59,2,1.0,1.0,2.0,b2b_generated,a5
59,1,0.0,1.0,2.0,mt5_generated,a5
60,3,2.0,1.0,2.0,gold,a5
60,2,2.0,2.0,2.0,b2b_generated,a5
60,1,2.0,2.0,2.0,mt5_generated,a5
60,4,2.0,2.0,1.0,pegasus,a5
61,2,1.0,2.0,2.0,b2b_generated,a5
61,4,1.0,2.0,2.0,pegasus,a5
61,1,1.0,2.0,2.0,mt5_generated,a5
61,3,1.0,2.0,2.0,gold,a5
62,2,1.0,2.0,2.0,b2b_generated,a5
62,3,1.0,2.0,2.0,gold,a5
62,1,1.0,1.0,2.0,mt5_generated,a5
62,4,1.0,2.0,2.0,pegasus,a5
63,3,2.0,2.0,2.0,gold,a5
63,2,2.0,1.0,2.0,b2b_generated,a5
63,4,1.0,2.0,2.0,pegasus,a5
63,1,2.0,2.0,2.0,mt5_generated,a5
64,4,2.0,2.0,2.0,pegasus,a5
64,1,2.0,2.0,2.0,mt5_generated,a5
64,2,2.0,2.0,2.0,b2b_generated,a5
64,3,0.0,2.0,0.0,gold,a5
65,2,2.0,1.0,2.0,b2b_generated,a5
65,4,1.0,1.0,2.0,pegasus,a5
65,1,2.0,1.0,2.0,mt5_generated,a5
65,3,1.0,0.0,0.0,gold,a5
66,3,2.0,2.0,2.0,gold,a5
66,1,2.0,2.0,2.0,mt5_generated,a5
66,4,2.0,2.0,2.0,pegasus,a5
66,2,2.0,2.0,2.0,b2b_generated,a5
67,1,2.0,2.0,2.0,mt5_generated,a5
67,3,1.0,2.0,2.0,gold,a5
67,2,2.0,0.0,2.0,b2b_generated,a5
67,4,1.0,2.0,1.0,pegasus,a5
68,1,2.0,1.0,0.0,mt5_generated,a5
68,4,1.0,2.0,2.0,pegasus,a5
68,2,2.0,2.0,1.0,b2b_generated,a5
68,3,2.0,2.0,2.0,gold,a5
69,2,2.0,2.0,2.0,b2b_generated,a5
69,4,0.0,2.0,2.0,pegasus,a5
69,3,2.0,1.0,2.0,gold,a5
69,1,2.0,2.0,2.0,mt5_generated,a5
70,2,2.0,2.0,2.0,b2b_generated,a5
70,4,2.0,2.0,2.0,pegasus,a5
70,3,2.0,2.0,2.0,gold,a5
70,1,2.0,2.0,2.0,mt5_generated,a5
72,1,2.0,2.0,2.0,mt5_generated,a5
72,2,2.0,1.0,2.0,b2b_generated,a5
72,3,2.0,2.0,2.0,gold,a5
72,4,1.0,2.0,2.0,pegasus,a5
73,1,1.0,2.0,2.0,mt5_generated,a5
73,4,1.0,2.0,2.0,pegasus,a5
73,3,1.0,1.0,2.0,gold,a5
73,2,1.0,2.0,2.0,b2b_generated,a5
74,4,1.0,2.0,2.0,pegasus,a5
74,1,1.0,2.0,2.0,mt5_generated,a5
74,2,2.0,2.0,2.0,b2b_generated,a5
74,3,1.0,2.0,2.0,gold,a5
75,2,1.0,2.0,1.0,b2b_generated,a5
75,3,0.0,2.0,2.0,gold,a5
75,4,2.0,1.0,2.0,pegasus,a5
75,1,2.0,2.0,2.0,mt5_generated,a5
76,1,1.0,2.0,2.0,mt5_generated,a5
76,2,0.0,2.0,2.0,b2b_generated,a5
76,4,1.0,2.0,2.0,pegasus,a5
76,3,0.0,1.0,2.0,gold,a5
77,3,2.0,2.0,2.0,gold,a5
77,2,0.0,0.0,0.0,b2b_generated,a5
77,4,1.0,2.0,2.0,pegasus,a5
77,1,1.0,2.0,2.0,mt5_generated,a5
78,2,2.0,2.0,2.0,b2b_generated,a5
78,1,2.0,2.0,2.0,mt5_generated,a5
78,4,2.0,2.0,2.0,pegasus,a5
78,3,0.0,2.0,2.0,gold,a5
79,4,1.0,2.0,2.0,pegasus,a5
79,3,2.0,2.0,2.0,gold,a5
79,1,1.0,1.0,2.0,mt5_generated,a5
79,2,2.0,2.0,1.0,b2b_generated,a5
80,4,2.0,2.0,2.0,pegasus,a5
80,2,2.0,1.0,2.0,b2b_generated,a5
80,1,1.0,1.0,2.0,mt5_generated,a5
80,3,1.0,2.0,2.0,gold,a5
81,1,2.0,2.0,2.0,mt5_generated,a5
81,4,2.0,2.0,2.0,pegasus,a5
81,3,2.0,2.0,2.0,gold,a5
81,2,2.0,2.0,2.0,b2b_generated,a5
82,2,2.0,2.0,2.0,b2b_generated,a5
82,3,2.0,2.0,2.0,gold,a5
82,1,2.0,2.0,2.0,mt5_generated,a5
82,4,1.0,2.0,2.0,pegasus,a5
83,3,2.0,2.0,2.0,gold,a5
83,1,1.0,2.0,2.0,mt5_generated,a5
83,4,1.0,2.0,2.0,pegasus,a5
83,2,1.0,2.0,2.0,b2b_generated,a5
84,2,1.0,1.0,0.0,b2b_generated,a5
84,1,2.0,2.0,2.0,mt5_generated,a5
84,3,2.0,2.0,2.0,gold,a5
84,4,2.0,2.0,2.0,pegasus,a5
85,4,2.0,2.0,0.0,pegasus,a5
85,1,2.0,2.0,2.0,mt5_generated,a5
85,2,2.0,2.0,2.0,b2b_generated,a5
85,3,2.0,2.0,2.0,gold,a5
86,2,2.0,1.0,2.0,b2b_generated,a5
86,1,2.0,2.0,1.0,mt5_generated,a5
86,4,2.0,1.0,2.0,pegasus,a5
86,3,2.0,2.0,2.0,gold,a5
87,1,2.0,2.0,2.0,mt5_generated,a5
87,2,1.0,2.0,2.0,b2b_generated,a5
87,3,2.0,2.0,2.0,gold,a5
87,4,1.0,2.0,2.0,pegasus,a5
88,1,0.0,2.0,2.0,mt5_generated,a5
88,3,0.0,2.0,1.0,gold,a5
88,4,2.0,1.0,2.0,pegasus,a5
88,2,1.0,2.0,2.0,b2b_generated,a5
89,1,1.0,2.0,0.0,mt5_generated,a5
89,4,1.0,1.0,1.0,pegasus,a5
89,3,2.0,2.0,2.0,gold,a5
89,2,1.0,1.0,2.0,b2b_generated,a5
90,1,2.0,1.0,2.0,mt5_generated,a5
90,2,1.0,0.0,2.0,b2b_generated,a5
90,3,2.0,2.0,2.0,gold,a5
90,4,2.0,2.0,1.0,pegasus,a5
91,1,2.0,2.0,2.0,mt5_generated,a5
91,4,2.0,1.0,1.0,pegasus,a5
91,3,2.0,2.0,2.0,gold,a5
91,2,2.0,1.0,2.0,b2b_generated,a5
92,2,1.0,1.0,1.0,b2b_generated,a5
92,4,1.0,2.0,2.0,pegasus,a5
92,3,2.0,2.0,2.0,gold,a5
92,1,1.0,1.0,0.0,mt5_generated,a5
93,4,1.0,2.0,2.0,pegasus,a5
93,3,2.0,2.0,2.0,gold,a5
93,1,1.0,2.0,2.0,mt5_generated,a5
93,2,1.0,2.0,2.0,b2b_generated,a5
94,4,1.0,2.0,2.0,pegasus,a5
94,2,2.0,1.0,2.0,b2b_generated,a5
94,3,2.0,2.0,2.0,gold,a5
94,1,2.0,2.0,1.0,mt5_generated,a5
95,4,2.0,1.0,2.0,pegasus,a5
95,3,1.0,2.0,2.0,gold,a5
95,2,1.0,2.0,2.0,b2b_generated,a5
95,1,1.0,2.0,2.0,mt5_generated,a5
96,1,2.0,2.0,2.0,mt5_generated,a5
96,4,2.0,2.0,2.0,pegasus,a5
96,2,2.0,1.0,1.0,b2b_generated,a5
96,3,1.0,1.0,2.0,gold,a5
97,2,2.0,1.0,2.0,b2b_generated,a5
97,3,1.0,2.0,2.0,gold,a5
97,1,2.0,2.0,2.0,mt5_generated,a5
97,4,1.0,2.0,2.0,pegasus,a5
98,2,1.0,2.0,2.0,b2b_generated,a5
98,4,2.0,2.0,2.0,pegasus,a5
98,3,2.0,2.0,2.0,gold,a5
98,1,1.0,0.0,0.0,mt5_generated,a5
99,3,2.0,1.0,2.0,gold,a5
99,1,1.0,0.0,1.0,mt5_generated,a5
99,4,1.0,1.0,1.0,pegasus,a5
99,2,1.0,2.0,2.0,b2b_generated,a5
1,3,0.0,2.0,2.0,gold,a3
1,1,1.0,2.0,1.0,mt5_generated,a3
1,4,1.0,1.0,1.0,pegasus,a3
1,2,1.0,2.0,2.0,b2b_generated,a3
2,3,2.0,2.0,2.0,gold,a3
2,2,2.0,1.0,2.0,b2b_generated,a3
2,4,2.0,2.0,2.0,pegasus,a3
2,1,1.0,2.0,2.0,mt5_generated,a3
3,3,1.0,2.0,1.0,gold,a3
3,2,1.0,2.0,2.0,b2b_generated,a3
3,4,2.0,2.0,2.0,pegasus,a3
3,1,2.0,2.0,2.0,mt5_generated,a3
4,4,1.0,2.0,2.0,pegasus,a3
4,1,2.0,2.0,2.0,mt5_generated,a3
4,3,2.0,2.0,2.0,gold,a3
4,2,1.0,2.0,1.0,b2b_generated,a3
5,4,1.0,2.0,2.0,pegasus,a3
5,3,2.0,2.0,2.0,gold,a3
5,2,1.0,2.0,2.0,b2b_generated,a3
5,1,2.0,2.0,2.0,mt5_generated,a3
6,4,1.0,2.0,2.0,pegasus,a3
6,2,2.0,1.0,2.0,b2b_generated,a3
6,3,2.0,2.0,2.0,gold,a3
6,1,1.0,1.0,2.0,mt5_generated,a3
7,3,1.0,2.0,2.0,gold,a3
7,1,0.0,2.0,2.0,mt5_generated,a3
7,2,1.0,2.0,2.0,b2b_generated,a3
7,4,1.0,1.0,1.0,pegasus,a3
8,1,2.0,2.0,2.0,mt5_generated,a3
8,4,1.0,2.0,2.0,pegasus,a3
8,3,0.0,2.0,2.0,gold,a3
8,2,0.0,2.0,2.0,b2b_generated,a3
9,4,1.0,2.0,1.0,pegasus,a3
9,1,2.0,2.0,2.0,mt5_generated,a3
9,2,1.0,1.0,1.0,b2b_generated,a3
9,3,2.0,2.0,2.0,gold,a3
10,1,2.0,2.0,2.0,mt5_generated,a3
10,3,2.0,2.0,2.0,gold,a3
10,2,2.0,2.0,2.0,b2b_generated,a3
10,4,1.0,2.0,2.0,pegasus,a3
11,3,1.0,2.0,2.0,gold,a3
11,1,2.0,2.0,2.0,mt5_generated,a3
11,2,2.0,2.0,2.0,b2b_generated,a3
11,4,2.0,1.0,1.0,pegasus,a3
12,3,2.0,2.0,2.0,gold,a3
12,4,2.0,2.0,1.0,pegasus,a3
12,1,2.0,2.0,2.0,mt5_generated,a3
12,2,2.0,2.0,2.0,b2b_generated,a3
13,4,2.0,2.0,2.0,pegasus,a3
13,1,0.0,2.0,2.0,mt5_generated,a3
13,2,1.0,1.0,0.0,b2b_generated,a3
13,3,0.0,0.0,0.0,gold,a3
14,1,0.0,2.0,2.0,mt5_generated,a3
14,2,0.0,2.0,2.0,b2b_generated,a3
14,3,2.0,2.0,2.0,gold,a3
14,4,2.0,2.0,2.0,pegasus,a3
15,2,2.0,2.0,2.0,b2b_generated,a3
15,4,1.0,2.0,2.0,pegasus,a3
15,3,2.0,2.0,2.0,gold,a3
15,1,2.0,1.0,2.0,mt5_generated,a3
16,2,1.0,2.0,1.0,b2b_generated,a3
16,4,0.0,2.0,2.0,pegasus,a3
16,3,2.0,2.0,2.0,gold,a3
16,1,2.0,2.0,2.0,mt5_generated,a3
17,2,1.0,1.0,2.0,b2b_generated,a3
17,3,1.0,2.0,2.0,gold,a3
17,4,1.0,2.0,2.0,pegasus,a3
17,1,1.0,2.0,2.0,mt5_generated,a3
18,4,1.0,1.0,1.0,pegasus,a3
18,2,1.0,0.0,2.0,b2b_generated,a3
18,3,0.0,2.0,2.0,gold,a3
18,1,1.0,1.0,2.0,mt5_generated,a3
19,2,1.0,2.0,2.0,b2b_generated,a3
19,3,1.0,2.0,2.0,gold,a3
19,1,1.0,1.0,2.0,mt5_generated,a3
19,4,2.0,2.0,1.0,pegasus,a3
20,1,2.0,2.0,2.0,mt5_generated,a3
20,3,1.0,2.0,2.0,gold,a3
20,2,2.0,2.0,2.0,b2b_generated,a3
20,4,0.0,2.0,1.0,pegasus,a3
21,4,0.0,2.0,0.0,pegasus,a3
21,1,2.0,2.0,1.0,mt5_generated,a3
21,3,1.0,2.0,2.0,gold,a3
21,2,2.0,1.0,2.0,b2b_generated,a3
22,2,1.0,2.0,1.0,b2b_generated,a3
22,1,1.0,2.0,2.0,mt5_generated,a3
22,3,1.0,2.0,2.0,gold,a3
22,4,2.0,1.0,2.0,pegasus,a3
23,2,1.0,2.0,2.0,b2b_generated,a3
23,3,1.0,2.0,1.0,gold,a3
23,4,1.0,1.0,1.0,pegasus,a3
23,1,2.0,2.0,2.0,mt5_generated,a3
24,1,1.0,2.0,2.0,mt5_generated,a3
24,4,2.0,2.0,2.0,pegasus,a3
24,2,1.0,1.0,2.0,b2b_generated,a3
24,3,1.0,1.0,2.0,gold,a3
25,3,1.0,2.0,2.0,gold,a3
25,2,0.0,2.0,0.0,b2b_generated,a3
25,4,1.0,2.0,2.0,pegasus,a3
25,1,1.0,2.0,2.0,mt5_generated,a3
26,2,1.0,2.0,2.0,b2b_generated,a3
26,1,2.0,2.0,2.0,mt5_generated,a3
26,3,2.0,2.0,2.0,gold,a3
26,4,1.0,2.0,2.0,pegasus,a3
27,3,2.0,1.0,2.0,gold,a3
27,1,2.0,1.0,2.0,mt5_generated,a3
27,2,0.0,2.0,2.0,b2b_generated,a3
27,4,2.0,2.0,2.0,pegasus,a3
28,1,1.0,2.0,2.0,mt5_generated,a3
28,2,1.0,2.0,2.0,b2b_generated,a3
28,3,1.0,1.0,2.0,gold,a3
28,4,1.0,1.0,1.0,pegasus,a3
29,4,2.0,2.0,2.0,pegasus,a3
29,3,2.0,2.0,2.0,gold,a3
29,2,0.0,0.0,2.0,b2b_generated,a3
29,1,1.0,2.0,0.0,mt5_generated,a3
30,4,2.0,2.0,2.0,pegasus,a3
30,2,1.0,1.0,2.0,b2b_generated,a3
30,1,2.0,2.0,2.0,mt5_generated,a3
30,3,1.0,2.0,2.0,gold,a3
31,3,2.0,2.0,2.0,gold,a3
31,4,0.0,1.0,2.0,pegasus,a3
31,2,1.0,1.0,2.0,b2b_generated,a3
31,1,0.0,1.0,2.0,mt5_generated,a3
32,1,0.0,2.0,2.0,mt5_generated,a3
32,2,1.0,1.0,2.0,b2b_generated,a3
32,3,1.0,2.0,2.0,gold,a3
32,4,2.0,2.0,2.0,pegasus,a3
33,2,2.0,2.0,2.0,b2b_generated,a3
33,4,2.0,2.0,2.0,pegasus,a3
33,1,2.0,2.0,2.0,mt5_generated,a3
33,3,2.0,2.0,2.0,gold,a3
34,2,1.0,1.0,2.0,b2b_generated,a3
34,4,2.0,2.0,2.0,pegasus,a3
34,3,1.0,2.0,2.0,gold,a3
34,1,1.0,0.0,2.0,mt5_generated,a3
35,2,2.0,2.0,2.0,b2b_generated,a3
35,4,0.0,2.0,2.0,pegasus,a3
35,1,1.0,1.0,1.0,mt5_generated,a3
35,3,0.0,2.0,1.0,gold,a3
36,4,2.0,2.0,2.0,pegasus,a3
36,1,2.0,1.0,1.0,mt5_generated,a3
36,3,2.0,2.0,2.0,gold,a3
36,2,1.0,2.0,2.0,b2b_generated,a3
37,1,1.0,2.0,2.0,mt5_generated,a3
37,3,1.0,2.0,2.0,gold,a3
37,2,1.0,1.0,2.0,b2b_generated,a3
37,4,2.0,2.0,2.0,pegasus,a3
38,2,1.0,2.0,2.0,b2b_generated,a3
38,1,1.0,2.0,2.0,mt5_generated,a3
38,3,1.0,2.0,2.0,gold,a3
38,4,2.0,2.0,2.0,pegasus,a3
39,1,2.0,2.0,0.0,mt5_generated,a3
39,4,2.0,2.0,2.0,pegasus,a3
39,3,2.0,2.0,2.0,gold,a3
39,2,2.0,1.0,2.0,b2b_generated,a3
40,3,1.0,1.0,2.0,gold,a3
40,2,1.0,2.0,2.0,b2b_generated,a3
40,1,2.0,1.0,2.0,mt5_generated,a3
40,4,1.0,2.0,2.0,pegasus,a3
41,4,0.0,1.0,1.0,pegasus,a3
41,1,2.0,2.0,1.0,mt5_generated,a3
41,3,1.0,2.0,2.0,gold,a3
41,2,1.0,2.0,2.0,b2b_generated,a3
42,4,1.0,2.0,2.0,pegasus,a3
42,1,1.0,2.0,2.0,mt5_generated,a3
42,2,1.0,2.0,2.0,b2b_generated,a3
42,3,1.0,2.0,2.0,gold,a3
43,2,2.0,1.0,2.0,b2b_generated,a3
43,1,1.0,2.0,1.0,mt5_generated,a3
43,4,1.0,2.0,2.0,pegasus,a3
43,3,2.0,2.0,2.0,gold,a3
44,4,2.0,2.0,2.0,pegasus,a3
44,3,2.0,2.0,2.0,gold,a3
44,1,1.0,2.0,2.0,mt5_generated,a3
44,2,2.0,2.0,2.0,b2b_generated,a3
45,4,1.0,1.0,2.0,pegasus,a3
45,2,1.0,2.0,1.0,b2b_generated,a3
45,1,0.0,2.0,2.0,mt5_generated,a3
45,3,1.0,2.0,2.0,gold,a3
46,2,1.0,2.0,2.0,b2b_generated,a3
46,3,2.0,2.0,1.0,gold,a3
46,1,2.0,1.0,2.0,mt5_generated,a3
46,4,1.0,2.0,1.0,pegasus,a3
47,2,1.0,2.0,1.0,b2b_generated,a3
47,3,1.0,1.0,2.0,gold,a3
47,4,1.0,2.0,2.0,pegasus,a3
47,1,1.0,1.0,2.0,mt5_generated,a3
48,4,2.0,2.0,2.0,pegasus,a3
48,3,2.0,2.0,2.0,gold,a3
48,2,0.0,1.0,2.0,b2b_generated,a3
48,1,2.0,2.0,2.0,mt5_generated,a3
49,1,1.0,2.0,2.0,mt5_generated,a3
49,3,2.0,2.0,2.0,gold,a3
49,4,0.0,1.0,2.0,pegasus,a3
49,2,2.0,2.0,2.0,b2b_generated,a3
50,2,0.0,2.0,2.0,b2b_generated,a3
50,4,0.0,2.0,2.0,pegasus,a3
50,1,2.0,2.0,2.0,mt5_generated,a3
50,3,1.0,2.0,2.0,gold,a3
51,3,1.0,1.0,2.0,gold,a3
51,1,1.0,2.0,2.0,mt5_generated,a3
51,2,1.0,2.0,2.0,b2b_generated,a3
51,4,1.0,1.0,2.0,pegasus,a3
52,1,1.0,0.0,2.0,mt5_generated,a3
52,2,1.0,1.0,2.0,b2b_generated,a3
52,4,2.0,2.0,1.0,pegasus,a3
52,3,1.0,2.0,2.0,gold,a3
53,1,1.0,2.0,2.0,mt5_generated,a3
53,3,2.0,2.0,2.0,gold,a3
53,2,2.0,2.0,2.0,b2b_generated,a3
53,4,2.0,0.0,1.0,pegasus,a3
54,3,2.0,0.0,2.0,gold,a3
54,4,1.0,2.0,2.0,pegasus,a3
54,2,1.0,2.0,2.0,b2b_generated,a3
54,1,1.0,2.0,2.0,mt5_generated,a3
55,4,2.0,0.0,2.0,pegasus,a3
55,1,1.0,2.0,2.0,mt5_generated,a3
55,3,1.0,2.0,2.0,gold,a3
55,2,1.0,2.0,2.0,b2b_generated,a3
56,1,2.0,2.0,1.0,mt5_generated,a3
56,2,2.0,2.0,2.0,b2b_generated,a3
56,3,1.0,2.0,2.0,gold,a3
56,4,2.0,2.0,1.0,pegasus,a3
57,2,1.0,2.0,2.0,b2b_generated,a3
57,4,1.0,2.0,2.0,pegasus,a3
57,1,1.0,2.0,2.0,mt5_generated,a3
57,3,0.0,2.0,2.0,gold,a3
58,1,2.0,2.0,2.0,mt5_generated,a3
58,3,2.0,1.0,2.0,gold,a3
58,4,2.0,1.0,2.0,pegasus,a3
58,2,1.0,2.0,2.0,b2b_generated,a3
59,4,2.0,1.0,2.0,pegasus,a3
59,3,0.0,0.0,2.0,gold,a3
59,2,1.0,1.0,2.0,b2b_generated,a3
59,1,0.0,1.0,2.0,mt5_generated,a3
60,3,2.0,1.0,2.0,gold,a3
60,2,2.0,2.0,2.0,b2b_generated,a3
60,1,2.0,2.0,2.0,mt5_generated,a3
60,4,2.0,2.0,1.0,pegasus,a3
61,2,1.0,2.0,2.0,b2b_generated,a3
61,4,1.0,2.0,2.0,pegasus,a3
61,1,1.0,2.0,2.0,mt5_generated,a3
61,3,1.0,2.0,2.0,gold,a3
62,2,1.0,2.0,2.0,b2b_generated,a3
62,3,1.0,2.0,2.0,gold,a3
62,1,1.0,1.0,2.0,mt5_generated,a3
62,4,1.0,2.0,2.0,pegasus,a3
63,3,2.0,2.0,2.0,gold,a3
63,2,2.0,1.0,2.0,b2b_generated,a3
63,4,1.0,2.0,2.0,pegasus,a3
63,1,2.0,2.0,2.0,mt5_generated,a3
64,4,2.0,2.0,2.0,pegasus,a3
64,1,2.0,2.0,2.0,mt5_generated,a3
64,2,2.0,2.0,2.0,b2b_generated,a3
64,3,0.0,2.0,0.0,gold,a3
65,2,2.0,1.0,2.0,b2b_generated,a3
65,4,1.0,1.0,2.0,pegasus,a3
65,1,2.0,1.0,2.0,mt5_generated,a3
65,3,1.0,0.0,0.0,gold,a3
66,3,2.0,2.0,2.0,gold,a3
66,1,2.0,2.0,2.0,mt5_generated,a3
66,4,2.0,2.0,2.0,pegasus,a3
66,2,2.0,2.0,2.0,b2b_generated,a3
67,1,2.0,2.0,2.0,mt5_generated,a3
67,3,1.0,2.0,2.0,gold,a3
67,2,2.0,0.0,2.0,b2b_generated,a3
67,4,1.0,2.0,1.0,pegasus,a3
68,1,2.0,1.0,0.0,mt5_generated,a3
68,4,1.0,2.0,2.0,pegasus,a3
68,2,2.0,2.0,1.0,b2b_generated,a3
68,3,2.0,2.0,2.0,gold,a3
69,2,2.0,2.0,2.0,b2b_generated,a3
69,4,0.0,2.0,2.0,pegasus,a3
69,3,2.0,1.0,2.0,gold,a3
69,1,2.0,2.0,2.0,mt5_generated,a3
70,2,2.0,2.0,2.0,b2b_generated,a3
70,4,2.0,2.0,2.0,pegasus,a3
70,3,2.0,2.0,2.0,gold,a3
70,1,2.0,2.0,2.0,mt5_generated,a3
72,1,2.0,2.0,2.0,mt5_generated,a3
72,2,2.0,1.0,2.0,b2b_generated,a3
72,3,2.0,2.0,2.0,gold,a3
72,4,1.0,2.0,2.0,pegasus,a3
73,1,1.0,2.0,2.0,mt5_generated,a3
73,4,1.0,2.0,2.0,pegasus,a3
73,3,1.0,1.0,2.0,gold,a3
73,2,1.0,2.0,2.0,b2b_generated,a3
74,4,1.0,2.0,2.0,pegasus,a3
74,1,1.0,2.0,2.0,mt5_generated,a3
74,2,2.0,2.0,2.0,b2b_generated,a3
74,3,1.0,2.0,2.0,gold,a3
75,2,1.0,2.0,1.0,b2b_generated,a3
75,3,0.0,2.0,2.0,gold,a3
75,4,2.0,1.0,2.0,pegasus,a3
75,1,2.0,2.0,2.0,mt5_generated,a3
76,1,1.0,2.0,2.0,mt5_generated,a3
76,2,0.0,2.0,2.0,b2b_generated,a3
76,4,1.0,2.0,2.0,pegasus,a3
76,3,0.0,1.0,2.0,gold,a3
77,3,2.0,2.0,2.0,gold,a3
77,2,0.0,0.0,0.0,b2b_generated,a3
77,4,1.0,2.0,2.0,pegasus,a3
77,1,1.0,2.0,2.0,mt5_generated,a3
78,2,2.0,2.0,2.0,b2b_generated,a3
78,1,2.0,2.0,2.0,mt5_generated,a3
78,4,2.0,2.0,2.0,pegasus,a3
78,3,0.0,2.0,2.0,gold,a3
79,4,1.0,2.0,2.0,pegasus,a3
79,3,2.0,2.0,2.0,gold,a3
79,1,1.0,1.0,2.0,mt5_generated,a3
79,2,2.0,2.0,1.0,b2b_generated,a3
80,4,2.0,2.0,2.0,pegasus,a3
80,2,2.0,1.0,2.0,b2b_generated,a3
80,1,1.0,1.0,2.0,mt5_generated,a3
80,3,1.0,2.0,2.0,gold,a3
81,1,2.0,2.0,2.0,mt5_generated,a3
81,4,2.0,2.0,2.0,pegasus,a3
81,3,2.0,2.0,2.0,gold,a3
81,2,2.0,2.0,2.0,b2b_generated,a3
82,2,2.0,2.0,2.0,b2b_generated,a3
82,3,2.0,2.0,2.0,gold,a3
82,1,2.0,2.0,2.0,mt5_generated,a3
82,4,1.0,2.0,2.0,pegasus,a3
83,3,2.0,2.0,2.0,gold,a3
83,1,1.0,2.0,2.0,mt5_generated,a3
83,4,1.0,2.0,2.0,pegasus,a3
83,2,1.0,2.0,2.0,b2b_generated,a3
84,2,1.0,1.0,0.0,b2b_generated,a3
84,1,2.0,2.0,2.0,mt5_generated,a3
84,3,2.0,2.0,2.0,gold,a3
84,4,2.0,2.0,2.0,pegasus,a3
85,4,2.0,2.0,0.0,pegasus,a3
85,1,2.0,2.0,2.0,mt5_generated,a3
85,2,2.0,2.0,2.0,b2b_generated,a3
85,3,2.0,2.0,2.0,gold,a3
86,2,2.0,1.0,2.0,b2b_generated,a3
86,1,2.0,2.0,1.0,mt5_generated,a3
86,4,2.0,1.0,2.0,pegasus,a3
86,3,2.0,2.0,2.0,gold,a3
87,1,2.0,2.0,2.0,mt5_generated,a3
87,2,1.0,2.0,2.0,b2b_generated,a3
87,3,2.0,2.0,2.0,gold,a3
87,4,1.0,2.0,2.0,pegasus,a3
88,1,0.0,2.0,2.0,mt5_generated,a3
88,3,0.0,2.0,1.0,gold,a3
88,4,2.0,1.0,2.0,pegasus,a3
88,2,1.0,2.0,2.0,b2b_generated,a3
89,1,1.0,2.0,0.0,mt5_generated,a3
89,4,1.0,1.0,1.0,pegasus,a3
89,3,2.0,2.0,2.0,gold,a3
89,2,1.0,1.0,2.0,b2b_generated,a3
90,1,2.0,1.0,2.0,mt5_generated,a3
90,2,1.0,0.0,2.0,b2b_generated,a3
90,3,2.0,2.0,2.0,gold,a3
90,4,2.0,2.0,1.0,pegasus,a3
91,1,2.0,2.0,2.0,mt5_generated,a3
91,4,2.0,1.0,1.0,pegasus,a3
91,3,2.0,2.0,2.0,gold,a3
91,2,2.0,1.0,2.0,b2b_generated,a3
92,2,1.0,1.0,1.0,b2b_generated,a3
92,4,1.0,2.0,2.0,pegasus,a3
92,3,2.0,2.0,2.0,gold,a3
92,1,1.0,1.0,0.0,mt5_generated,a3
93,4,1.0,2.0,2.0,pegasus,a3
93,3,2.0,2.0,2.0,gold,a3
93,1,1.0,2.0,2.0,mt5_generated,a3
93,2,1.0,2.0,2.0,b2b_generated,a3
94,4,1.0,2.0,2.0,pegasus,a3
94,2,2.0,1.0,2.0,b2b_generated,a3
94,3,2.0,2.0,2.0,gold,a3
94,1,2.0,2.0,1.0,mt5_generated,a3
95,4,2.0,1.0,2.0,pegasus,a3
95,3,1.0,2.0,2.0,gold,a3
95,2,1.0,2.0,2.0,b2b_generated,a3
95,1,1.0,2.0,2.0,mt5_generated,a3
96,1,2.0,2.0,2.0,mt5_generated,a3
96,4,2.0,2.0,2.0,pegasus,a3
96,2,2.0,1.0,1.0,b2b_generated,a3
96,3,1.0,1.0,2.0,gold,a3
97,2,2.0,1.0,2.0,b2b_generated,a3
97,3,1.0,2.0,2.0,gold,a3
97,1,2.0,2.0,2.0,mt5_generated,a3
97,4,1.0,2.0,2.0,pegasus,a3
98,2,1.0,2.0,2.0,b2b_generated,a3
98,4,2.0,2.0,2.0,pegasus,a3
98,3,2.0,2.0,2.0,gold,a3
98,1,1.0,0.0,0.0,mt5_generated,a3
99,3,2.0,1.0,2.0,gold,a3
99,1,1.0,0.0,1.0,mt5_generated,a3
99,4,1.0,1.0,1.0,pegasus,a3
99,2,1.0,2.0,2.0,b2b_generated,a3
